{"type":"FeatureCollection","features":[{"type":"Feature","properties":{},"geometry":{"type":"MultiPolygon","coordinates":[[[[-88.246485,41.272118],[-88.24631,41.267522],[-88.246296,41.267089],[-88.246272,41.265738],[-88.246239,41.264937],[-88.246195,41.263932],[-88.246175,41.263484],[-88.246176,41.263284],[-88.246145,41.262241],[-88.246107,41.261187],[-88.246079,41.260196],[-88.246054,41.259484],[-88.246223,41.259485],[-88.246452,41.259478],[-88.247885,41.259433],[-88.248823,41.259404],[-88.250387,41.259421],[-88.250437,41.260257],[-88.251322,41.260243],[-88.2513,41.259429],[-88.251373,41.259429],[-88.251777,41.259431],[-88.252718,41.259435],[-88.253332,41.259433],[-88.255328,41.259427],[-88.255507,41.259426],[-88.255687,41.259426],[-88.257054,41.259422],[-88.261486,41.259351],[-88.26402,41.259327],[-88.265358,41.259314],[-88.265306,41.257689],[-88.265276,41.256538],[-88.265276,41.256518],[-88.265271,41.256312],[-88.265261,41.255948],[-88.26526,41.255913],[-88.265248,41.255477],[-88.265234,41.255012],[-88.265232,41.254916],[-88.265219,41.254412],[-88.265181,41.25323],[-88.265164,41.252675],[-88.265158,41.252497],[-88.265148,41.252185],[-88.265142,41.251976],[-88.265089,41.250197],[-88.265035,41.24859],[-88.265012,41.247907],[-88.264929,41.245665],[-88.264891,41.245015],[-88.270249,41.244972],[-88.275065,41.24495],[-88.276245,41.244947],[-88.277229,41.244943],[-88.280356,41.24493],[-88.280409,41.247672],[-88.28045,41.249765],[-88.280456,41.250038],[-88.280503,41.252077],[-88.28053,41.254679],[-88.280571,41.256784],[-88.28058,41.257256],[-88.280605,41.258941],[-88.280762,41.258937],[-88.281178,41.258927],[-88.281985,41.258907],[-88.282308,41.258898],[-88.284559,41.258843],[-88.286643,41.258825],[-88.290342,41.258762],[-88.290937,41.258752],[-88.292298,41.258725],[-88.292844,41.258715],[-88.293214,41.258708],[-88.294184,41.258689],[-88.294168,41.258601],[-88.294165,41.258513],[-88.29415,41.257981],[-88.294096,41.256163],[-88.294037,41.254157],[-88.293976,41.252077],[-88.293957,41.251424],[-88.293924,41.250466],[-88.293879,41.249151],[-88.293832,41.247767],[-88.296058,41.247725],[-88.299374,41.247662],[-88.301434,41.247623],[-88.303355,41.247586],[-88.303502,41.247582],[-88.303476,41.24695],[-88.303403,41.24489],[-88.303374,41.243998],[-88.303366,41.24376],[-88.313629,41.243615],[-88.322588,41.243567],[-88.322643,41.245638],[-88.322659,41.246245],[-88.322737,41.248946],[-88.322743,41.24915],[-88.322783,41.250464],[-88.32289,41.253166],[-88.322956,41.255574],[-88.323011,41.257088],[-88.323048,41.258088],[-88.32304,41.258522],[-88.323107,41.260591],[-88.323123,41.261414],[-88.323153,41.262867],[-88.323212,41.264488],[-88.323227,41.264878],[-88.323229,41.265104],[-88.323231,41.265343],[-88.323239,41.266331],[-88.323249,41.266802],[-88.323252,41.267021],[-88.323268,41.268173],[-88.323327,41.271103],[-88.323353,41.272101],[-88.323367,41.27263],[-88.323414,41.274309],[-88.323476,41.276271],[-88.323571,41.279458],[-88.323701,41.283299],[-88.323719,41.283814],[-88.323729,41.284122],[-88.323782,41.285593],[-88.323829,41.286912],[-88.323857,41.289125],[-88.323944,41.292159],[-88.323992,41.294138],[-88.324004,41.295416],[-88.324048,41.297368],[-88.324117,41.29997],[-88.324142,41.301111],[-88.325931,41.301066],[-88.33091,41.300944],[-88.343324,41.300711],[-88.349013,41.300542],[-88.352027,41.299315],[-88.362138,41.292642],[-88.362282,41.2926],[-88.362319,41.292599],[-88.362467,41.292593],[-88.362951,41.292575],[-88.364416,41.292563],[-88.365008,41.292521],[-88.365372,41.292466],[-88.365508,41.292461],[-88.36638,41.292435],[-88.366353,41.292503],[-88.36625,41.292713],[-88.366228,41.29284],[-88.366247,41.293005],[-88.366339,41.293204],[-88.366384,41.293251],[-88.366385,41.293271],[-88.36643,41.29332],[-88.366449,41.293361],[-88.366517,41.293424],[-88.366842,41.293661],[-88.366933,41.293716],[-88.367161,41.293825],[-88.367234,41.293845],[-88.367371,41.293872],[-88.367526,41.293913],[-88.367558,41.293929],[-88.367808,41.293953],[-88.367903,41.293984],[-88.368309,41.294027],[-88.36855,41.294036],[-88.3688,41.294018],[-88.368928,41.293983],[-88.368963,41.293962],[-88.369055,41.293941],[-88.369119,41.293907],[-88.369146,41.293907],[-88.3692,41.293872],[-88.369232,41.293858],[-88.369336,41.293789],[-88.369409,41.293735],[-88.369445,41.2937],[-88.369481,41.293625],[-88.369507,41.293528],[-88.369602,41.293319],[-88.369606,41.293232],[-88.369579,41.293192],[-88.369568,41.293089],[-88.369586,41.292876],[-88.369658,41.292697],[-88.369703,41.292663],[-88.370012,41.292586],[-88.370402,41.292475],[-88.371139,41.292287],[-88.371538,41.292203],[-88.372017,41.292109],[-88.372257,41.29207],[-88.372389,41.292039],[-88.372894,41.291965],[-88.37313,41.291964],[-88.373622,41.29199],[-88.373667,41.29201],[-88.373841,41.292023],[-88.374077,41.292085],[-88.374141,41.292118],[-88.374196,41.292125],[-88.374525,41.292371],[-88.374676,41.292501],[-88.374782,41.292631],[-88.374827,41.292706],[-88.374864,41.292789],[-88.374874,41.293056],[-88.374859,41.293171],[-88.374839,41.293228],[-88.374798,41.293307],[-88.374794,41.293331],[-88.374745,41.293379],[-88.374721,41.29341],[-88.374586,41.293517],[-88.374523,41.293551],[-88.374404,41.293572],[-88.374373,41.293583],[-88.374286,41.293594],[-88.37424,41.293593],[-88.374086,41.293573],[-88.374022,41.29354],[-88.373898,41.293486],[-88.373684,41.293356],[-88.373556,41.293321],[-88.373478,41.293305],[-88.373229,41.293295],[-88.373111,41.293317],[-88.372956,41.293403],[-88.37282,41.293524],[-88.372775,41.293571],[-88.372577,41.293812],[-88.372568,41.29384],[-88.372522,41.293881],[-88.372224,41.294239],[-88.372096,41.29437],[-88.371915,41.294577],[-88.371889,41.294615],[-88.371527,41.294952],[-88.371282,41.295169],[-88.371228,41.295245],[-88.37102,41.295431],[-88.370748,41.295686],[-88.370567,41.295885],[-88.37054,41.295923],[-88.370395,41.296051],[-88.370332,41.296133],[-88.37016,41.296288],[-88.369702,41.296686],[-88.369589,41.296795],[-88.369517,41.296891],[-88.369499,41.296946],[-88.369472,41.296974],[-88.369373,41.297215],[-88.369248,41.297572],[-88.369172,41.297754],[-88.369078,41.298135],[-88.369064,41.298159],[-88.369041,41.298259],[-88.368978,41.298389],[-88.368951,41.298417],[-88.368943,41.298451],[-88.368916,41.298479],[-88.368907,41.298514],[-88.368844,41.298576],[-88.368835,41.29861],[-88.368771,41.298678],[-88.36874,41.298754],[-88.368681,41.298871],[-88.368622,41.299005],[-88.368556,41.299386],[-88.368548,41.299475],[-88.368594,41.300337],[-88.368548,41.300702],[-88.368491,41.300862],[-88.368303,41.301301],[-88.368276,41.301322],[-88.36824,41.301398],[-88.368204,41.301439],[-88.368178,41.301493],[-88.368149,41.301522],[-88.368131,41.301577],[-88.368059,41.301653],[-88.36805,41.301687],[-88.367896,41.301859],[-88.367725,41.302069],[-88.3671,41.302583],[-88.367091,41.302607],[-88.366928,41.302748],[-88.366801,41.302899],[-88.366782,41.302934],[-88.366755,41.302955],[-88.366737,41.30301],[-88.366693,41.303058],[-88.366657,41.303147],[-88.366554,41.303357],[-88.366513,41.303532],[-88.366482,41.30359],[-88.366415,41.30406],[-88.36639,41.304288],[-88.366365,41.304719],[-88.366385,41.305179],[-88.366422,41.305296],[-88.366478,41.305412],[-88.366523,41.305461],[-88.366551,41.305508],[-88.366588,41.305556],[-88.366688,41.305638],[-88.366898,41.305775],[-88.366953,41.305802],[-88.366989,41.305809],[-88.367053,41.305846],[-88.367291,41.305951],[-88.367597,41.306115],[-88.368104,41.306429],[-88.368971,41.307078],[-88.369173,41.307242],[-88.369329,41.307427],[-88.369368,41.307493],[-88.369503,41.307487],[-88.369634,41.307483],[-88.37218,41.307413],[-88.371964,41.299924],[-88.38175,41.299785],[-88.381737,41.298935],[-88.381689,41.296609],[-88.381665,41.294792],[-88.381648,41.29438],[-88.381624,41.293054],[-88.381595,41.29134],[-88.381582,41.290969],[-88.381518,41.289073],[-88.381515,41.287906],[-88.381592,41.287097],[-88.381657,41.286776],[-88.381721,41.286412],[-88.381717,41.28619],[-88.381707,41.285718],[-88.385942,41.28565],[-88.39042,41.285542],[-88.395165,41.285445],[-88.399752,41.28535],[-88.405151,41.28522],[-88.406107,41.285198],[-88.410349,41.285098],[-88.413231,41.285031],[-88.417113,41.284945],[-88.41974,41.284874],[-88.420357,41.28485],[-88.421463,41.284831],[-88.424828,41.284742],[-88.424965,41.284739],[-88.426976,41.284696],[-88.427666,41.284681],[-88.42776,41.284679],[-88.427854,41.284677],[-88.429612,41.284638],[-88.429706,41.284636],[-88.429734,41.284635],[-88.430002,41.284629],[-88.431014,41.284602],[-88.434865,41.2845],[-88.43728,41.284436],[-88.439234,41.284384],[-88.439695,41.284372],[-88.44452,41.28425],[-88.449075,41.284135],[-88.449269,41.28413],[-88.449345,41.284128],[-88.449418,41.284126],[-88.450463,41.284098],[-88.4585,41.283881],[-88.459081,41.283865],[-88.468146,41.283615],[-88.475849,41.283409],[-88.475591,41.276293],[-88.475535,41.274763],[-88.475612,41.274765],[-88.475869,41.274772],[-88.478945,41.274691],[-88.481673,41.274611],[-88.482978,41.274559],[-88.483345,41.274545],[-88.484858,41.274485],[-88.488281,41.274392],[-88.490892,41.274321],[-88.49421,41.274257],[-88.494795,41.274206],[-88.494777,41.273909],[-88.494728,41.27308],[-88.494519,41.268464],[-88.498064,41.268439],[-88.509317,41.268349],[-88.513693,41.268289],[-88.513755,41.269104],[-88.513832,41.270849],[-88.513861,41.271517],[-88.513955,41.273053],[-88.513904,41.273052],[-88.51369,41.273069],[-88.513618,41.27309],[-88.513581,41.27311],[-88.513508,41.273137],[-88.513436,41.273172],[-88.513317,41.273199],[-88.513172,41.273261],[-88.513035,41.273295],[-88.512794,41.273446],[-88.512708,41.273508],[-88.512645,41.273542],[-88.512595,41.273563],[-88.512327,41.273734],[-88.512189,41.273837],[-88.512017,41.273981],[-88.511989,41.274012],[-88.511866,41.27412],[-88.511716,41.274242],[-88.51169,41.274276],[-88.51157,41.274386],[-88.511416,41.274544],[-88.511343,41.27463],[-88.511085,41.274854],[-88.51097,41.274962],[-88.510779,41.275216],[-88.510779,41.275237],[-88.510697,41.275374],[-88.51066,41.275449],[-88.510633,41.275477],[-88.510615,41.275525],[-88.510585,41.275561],[-88.510579,41.2756],[-88.510505,41.275676],[-88.510478,41.275744],[-88.510388,41.275902],[-88.510351,41.275957],[-88.510324,41.275984],[-88.510223,41.276231],[-88.510196,41.276314],[-88.510137,41.276441],[-88.510068,41.276835],[-88.510055,41.277051],[-88.510158,41.277537],[-88.510217,41.277924],[-88.510235,41.278171],[-88.510226,41.278301],[-88.510275,41.279253],[-88.510238,41.279322],[-88.510229,41.279349],[-88.510184,41.27939],[-88.510029,41.279561],[-88.510002,41.279664],[-88.509974,41.279864],[-88.50986,41.2801],[-88.509856,41.280138],[-88.509619,41.28035],[-88.5096,41.280392],[-88.509533,41.28046],[-88.509491,41.280515],[-88.509466,41.280576],[-88.509364,41.28066],[-88.509237,41.280673],[-88.509037,41.28081],[-88.508992,41.280865],[-88.508982,41.280899],[-88.508955,41.280926],[-88.508937,41.280975],[-88.508901,41.281009],[-88.508791,41.281092],[-88.508655,41.28116],[-88.508618,41.281167],[-88.508563,41.281195],[-88.508464,41.281228],[-88.508427,41.281249],[-88.508381,41.281263],[-88.508287,41.281311],[-88.508236,41.281345],[-88.508163,41.281379],[-88.508118,41.281393],[-88.508045,41.281441],[-88.5079,41.281475],[-88.507709,41.28153],[-88.507613,41.281554],[-88.507235,41.281598],[-88.507119,41.281638],[-88.507017,41.28166],[-88.506814,41.281716],[-88.506771,41.281728],[-88.506735,41.281749],[-88.506635,41.281769],[-88.50659,41.28179],[-88.506553,41.281797],[-88.506472,41.281831],[-88.506411,41.281829],[-88.506245,41.28194],[-88.506153,41.281954],[-88.506071,41.281975],[-88.505998,41.282023],[-88.505844,41.282105],[-88.505524,41.282266],[-88.505325,41.282393],[-88.505035,41.28253],[-88.504948,41.282564],[-88.504717,41.282722],[-88.50467,41.282743],[-88.50458,41.282756],[-88.504198,41.282851],[-88.504044,41.282899],[-88.503925,41.282982],[-88.503843,41.283051],[-88.503821,41.283121],[-88.503801,41.283171],[-88.503751,41.283428],[-88.503678,41.283586],[-88.503624,41.283662],[-88.503625,41.283682],[-88.503579,41.283723],[-88.503531,41.28378],[-88.503525,41.283798],[-88.503497,41.283833],[-88.50347,41.283902],[-88.503423,41.283963],[-88.503414,41.283991],[-88.503292,41.28413],[-88.50316,41.284245],[-88.503159,41.284272],[-88.503114,41.284317],[-88.502987,41.284417],[-88.502851,41.284506],[-88.502778,41.284519],[-88.50275,41.284539],[-88.502277,41.284608],[-88.502232,41.284628],[-88.502195,41.284629],[-88.502068,41.284656],[-88.502014,41.284683],[-88.501795,41.284731],[-88.50156,41.284759],[-88.501349,41.28471],[-88.501313,41.28469],[-88.501009,41.284706],[-88.500618,41.284672],[-88.500532,41.284661],[-88.500304,41.284688],[-88.50015,41.284736],[-88.500123,41.284757],[-88.499907,41.284811],[-88.49987,41.284831],[-88.499803,41.284848],[-88.499634,41.284838],[-88.499534,41.284811],[-88.49947,41.284777],[-88.499443,41.284776],[-88.499388,41.284742],[-88.499247,41.284681],[-88.499102,41.284592],[-88.499024,41.284537],[-88.498979,41.284516],[-88.498942,41.284509],[-88.498898,41.284489],[-88.49886,41.284482],[-88.498669,41.284372],[-88.498564,41.284331],[-88.498524,41.284304],[-88.498396,41.284176],[-88.498288,41.284091],[-88.498151,41.283995],[-88.498087,41.283923],[-88.497886,41.283769],[-88.497659,41.283748],[-88.49745,41.28381],[-88.497369,41.283851],[-88.497295,41.283872],[-88.497186,41.283893],[-88.496964,41.283903],[-88.496841,41.283893],[-88.496686,41.283907],[-88.496605,41.283955],[-88.496536,41.283983],[-88.496495,41.28401],[-88.496477,41.28403],[-88.496468,41.284058],[-88.496323,41.284175],[-88.496296,41.284435],[-88.496318,41.284745],[-88.496341,41.284792],[-88.496414,41.284861],[-88.496432,41.284885],[-88.496669,41.285101],[-88.496714,41.285156],[-88.496759,41.285238],[-88.496787,41.285355],[-88.496768,41.285588],[-88.496724,41.285664],[-88.496697,41.285691],[-88.496678,41.285726],[-88.496506,41.285849],[-88.49646,41.2859],[-88.49635,41.285987],[-88.496151,41.286158],[-88.496051,41.286254],[-88.496015,41.286357],[-88.495974,41.286443],[-88.495969,41.286488],[-88.495988,41.286694],[-88.496033,41.286745],[-88.496279,41.286933],[-88.496369,41.287023],[-88.49637,41.287057],[-88.496516,41.287167],[-88.496551,41.287214],[-88.496624,41.287468],[-88.496633,41.287565],[-88.496615,41.287605],[-88.49656,41.287654],[-88.49647,41.287722],[-88.496379,41.287771],[-88.496086,41.287903],[-88.496062,41.287907],[-88.49597,41.28795],[-88.495878,41.287963],[-88.495615,41.288032],[-88.495578,41.288053],[-88.495419,41.28806],[-88.49546,41.289339],[-88.495492,41.29036],[-88.495568,41.292307],[-88.495667,41.294567],[-88.4957,41.295523],[-88.495721,41.296101],[-88.495755,41.297063],[-88.495778,41.297526],[-88.49987,41.297557],[-88.515114,41.29755],[-88.518363,41.297557],[-88.534434,41.297519],[-88.537909,41.297431],[-88.53824,41.297574],[-88.539331,41.297644],[-88.542605,41.298428],[-88.544029,41.298819],[-88.545089,41.299438],[-88.545573,41.299965],[-88.546209,41.300241],[-88.546446,41.300583],[-88.550086,41.302204],[-88.550365,41.302296],[-88.550667,41.302432],[-88.551206,41.302655],[-88.551542,41.302763],[-88.552028,41.302848],[-88.552627,41.302936],[-88.553148,41.302983],[-88.55342,41.302988],[-88.553624,41.302992],[-88.554122,41.30298],[-88.554264,41.302971],[-88.554276,41.30172],[-88.554323,41.301719],[-88.55435,41.301726],[-88.554365,41.29731],[-88.559598,41.297224],[-88.563262,41.297206],[-88.57447,41.297135],[-88.575539,41.297129],[-88.575614,41.297293],[-88.575808,41.297639],[-88.575968,41.297871],[-88.576794,41.298805],[-88.577186,41.299371],[-88.577459,41.299519],[-88.577629,41.299587],[-88.578149,41.299548],[-88.579158,41.299534],[-88.579667,41.29958],[-88.580363,41.299632],[-88.580666,41.299754],[-88.58084,41.299846],[-88.581193,41.300066],[-88.582646,41.301017],[-88.58283,41.301307],[-88.583318,41.302056],[-88.583416,41.302194],[-88.583487,41.302295],[-88.583634,41.302508],[-88.584086,41.302289],[-88.584481,41.302173],[-88.585195,41.302032],[-88.585241,41.302022],[-88.586077,41.301883],[-88.58654,41.301732],[-88.586967,41.301518],[-88.587578,41.30119],[-88.587913,41.301036],[-88.589247,41.300468],[-88.589313,41.300438],[-88.589379,41.300407],[-88.589766,41.300306],[-88.589896,41.300267],[-88.5899,41.300359],[-88.589985,41.302255],[-88.589984,41.302277],[-88.59004,41.303464],[-88.590055,41.303743],[-88.590087,41.304573],[-88.590089,41.304638],[-88.590113,41.305185],[-88.590145,41.305894],[-88.590221,41.307624],[-88.590272,41.308766],[-88.590284,41.309049],[-88.590289,41.309159],[-88.590303,41.309484],[-88.590392,41.311478],[-88.590397,41.31156],[-88.59054,41.31414],[-88.590548,41.314318],[-88.590655,41.316274],[-88.590722,41.317509],[-88.590778,41.318526],[-88.590792,41.31878],[-88.590832,41.319523],[-88.590912,41.320984],[-88.590924,41.321203],[-88.590929,41.321297],[-88.590936,41.321413],[-88.590937,41.321437],[-88.590946,41.321604],[-88.590959,41.321842],[-88.591174,41.325766],[-88.59124,41.326965],[-88.591249,41.327131],[-88.591388,41.329633],[-88.591394,41.329752],[-88.591402,41.329877],[-88.591507,41.331795],[-88.591513,41.331907],[-88.591525,41.332119],[-88.591578,41.333082],[-88.591687,41.335046],[-88.591712,41.335511],[-88.59185,41.338014],[-88.591934,41.339527],[-88.591961,41.339993],[-88.591972,41.340218],[-88.59199,41.340547],[-88.592044,41.341515],[-88.59203,41.341598],[-88.592058,41.342338],[-88.592302,41.346487],[-88.592328,41.346848],[-88.592388,41.347688],[-88.59246,41.349297],[-88.592553,41.350973],[-88.592753,41.354189],[-88.592793,41.354973],[-88.592813,41.355363],[-88.592941,41.357803],[-88.592944,41.357841],[-88.593019,41.358984],[-88.593126,41.361022],[-88.593221,41.363189],[-88.593304,41.364834],[-88.593327,41.365235],[-88.593473,41.367655],[-88.593563,41.369688],[-88.593704,41.373035],[-88.593759,41.374606],[-88.593778,41.375177],[-88.593823,41.376443],[-88.59383,41.37663],[-88.593475,41.376633],[-88.592808,41.376647],[-88.589612,41.376713],[-88.582866,41.376844],[-88.581746,41.376868],[-88.579991,41.376905],[-88.576854,41.37698],[-88.576358,41.376983],[-88.576365,41.377389],[-88.576443,41.37912],[-88.57648,41.380259],[-88.576488,41.380516],[-88.57659,41.383572],[-88.5766,41.383899],[-88.576606,41.384108],[-88.576623,41.38441],[-88.576644,41.384783],[-88.576725,41.386949],[-88.576808,41.388645],[-88.576844,41.389477],[-88.576798,41.389479],[-88.576538,41.389462],[-88.576369,41.389445],[-88.575799,41.389435],[-88.575649,41.389456],[-88.575609,41.38947],[-88.575476,41.389487],[-88.575376,41.389535],[-88.57533,41.389542],[-88.575267,41.389576],[-88.575084,41.389652],[-88.574893,41.3897],[-88.574811,41.389727],[-88.574775,41.389734],[-88.574611,41.389831],[-88.57452,41.389906],[-88.574483,41.390009],[-88.57447,41.390033],[-88.574448,41.390133],[-88.57441,41.390174],[-88.574383,41.390195],[-88.57432,41.39023],[-88.574193,41.390264],[-88.574137,41.390298],[-88.574083,41.390318],[-88.574046,41.39034],[-88.57391,41.39036],[-88.573746,41.390346],[-88.573522,41.390288],[-88.573322,41.390261],[-88.573127,41.39025],[-88.57298,41.390271],[-88.572917,41.390292],[-88.572807,41.390306],[-88.572398,41.390327],[-88.572224,41.390437],[-88.572133,41.390471],[-88.572051,41.390492],[-88.572015,41.390492],[-88.571906,41.390472],[-88.571837,41.390437],[-88.571696,41.390334],[-88.571541,41.390232],[-88.571395,41.390211],[-88.571313,41.390204],[-88.57114,41.390252],[-88.571003,41.390277],[-88.570953,41.39029],[-88.570794,41.390308],[-88.570644,41.390352],[-88.570611,41.390356],[-88.570429,41.390335],[-88.570352,41.390318],[-88.569937,41.390322],[-88.5698,41.390356],[-88.569673,41.390439],[-88.569432,41.390645],[-88.569364,41.390738],[-88.56914,41.390907],[-88.569108,41.39092],[-88.569009,41.390975],[-88.568899,41.391016],[-88.568844,41.39103],[-88.568785,41.391013],[-88.568754,41.391009],[-88.568689,41.391058],[-88.568663,41.391092],[-88.568654,41.391119],[-88.568472,41.39125],[-88.568444,41.39125],[-88.568371,41.391292],[-88.568175,41.391465],[-88.568035,41.39158],[-88.567889,41.39158],[-88.567706,41.391559],[-88.567574,41.391529],[-88.567424,41.391507],[-88.56726,41.391484],[-88.567196,41.391471],[-88.567132,41.39145],[-88.56705,41.391388],[-88.56705,41.391361],[-88.567004,41.391319],[-88.566996,41.391251],[-88.566886,41.391017],[-88.566858,41.390997],[-88.566822,41.390784],[-88.56679,41.390726],[-88.566785,41.390688],[-88.566739,41.390644],[-88.566621,41.390551],[-88.56653,41.390551],[-88.56643,41.390571],[-88.566348,41.390613],[-88.56628,41.39063],[-88.566075,41.39062],[-88.56602,41.390662],[-88.566039,41.390743],[-88.566084,41.390791],[-88.566094,41.39084],[-88.566093,41.390881],[-88.566076,41.390936],[-88.565921,41.391059],[-88.565847,41.391094],[-88.565802,41.391108],[-88.565766,41.391128],[-88.565729,41.391135],[-88.565692,41.391156],[-88.565656,41.391163],[-88.56562,41.391183],[-88.565619,41.391211],[-88.56572,41.391279],[-88.565804,41.39135],[-88.565811,41.39139],[-88.565802,41.39141],[-88.565628,41.391541],[-88.565565,41.391548],[-88.565482,41.391541],[-88.565383,41.391493],[-88.565374,41.391465],[-88.56531,41.391417],[-88.565274,41.391417],[-88.565228,41.391452],[-88.56521,41.391492],[-88.565165,41.391768],[-88.565127,41.39185],[-88.565064,41.391919],[-88.565027,41.391967],[-88.565009,41.392111],[-88.565106,41.392382],[-88.565128,41.392571],[-88.565101,41.392632],[-88.565055,41.392674],[-88.564955,41.392794],[-88.564819,41.3929],[-88.564682,41.39297],[-88.564582,41.392984],[-88.564373,41.392997],[-88.564272,41.392976],[-88.564227,41.392949],[-88.564199,41.392949],[-88.564044,41.392853],[-88.563853,41.392867],[-88.563661,41.392856],[-88.563607,41.39284],[-88.563498,41.392771],[-88.56327,41.392662],[-88.563197,41.392647],[-88.562928,41.392638],[-88.562805,41.392648],[-88.562678,41.392758],[-88.562659,41.392806],[-88.562623,41.39284],[-88.562542,41.392902],[-88.562513,41.392916],[-88.562463,41.39292],[-88.56235,41.392896],[-88.562258,41.392855],[-88.561866,41.392559],[-88.561766,41.392491],[-88.561721,41.392484],[-88.561684,41.392464],[-88.561593,41.392449],[-88.560823,41.392461],[-88.560499,41.392436],[-88.560372,41.392471],[-88.560318,41.392498],[-88.560274,41.392504],[-88.560172,41.392547],[-88.560135,41.392567],[-88.560018,41.392595],[-88.559971,41.392616],[-88.559842,41.392634],[-88.559673,41.392669],[-88.559543,41.392753],[-88.559495,41.39281],[-88.559491,41.392828],[-88.559425,41.392908],[-88.559343,41.392973],[-88.559171,41.393083],[-88.559193,41.393375],[-88.55922,41.39355],[-88.559248,41.393615],[-88.559279,41.39388],[-88.559288,41.393914],[-88.55938,41.393976],[-88.559443,41.393989],[-88.559507,41.393968],[-88.559667,41.393855],[-88.559781,41.393845],[-88.55989,41.393865],[-88.560045,41.393976],[-88.56009,41.394024],[-88.560118,41.394133],[-88.560119,41.394167],[-88.560091,41.394291],[-88.560064,41.394318],[-88.560064,41.394339],[-88.560082,41.394428],[-88.560145,41.394483],[-88.560219,41.394559],[-88.560219,41.3946],[-88.560201,41.394654],[-88.560173,41.394682],[-88.560174,41.39471],[-88.560041,41.394765],[-88.559899,41.394854],[-88.5598,41.394936],[-88.559773,41.395012],[-88.559736,41.39519],[-88.559691,41.395286],[-88.559536,41.395461],[-88.559454,41.395534],[-88.559336,41.395781],[-88.559318,41.395843],[-88.559335,41.395919],[-88.559491,41.396063],[-88.559499,41.396083],[-88.559473,41.396166],[-88.559199,41.396365],[-88.55919,41.396386],[-88.559191,41.39642],[-88.559227,41.39655],[-88.559281,41.396619],[-88.55929,41.396647],[-88.55908,41.396819],[-88.559054,41.39685],[-88.559008,41.396887],[-88.558981,41.397004],[-88.558953,41.39721],[-88.558973,41.39756],[-88.559172,41.397711],[-88.559191,41.397773],[-88.559194,41.397898],[-88.559184,41.397915],[-88.559172,41.397958],[-88.559063,41.39804],[-88.558808,41.39804],[-88.558754,41.398075],[-88.558663,41.398123],[-88.558472,41.398123],[-88.558444,41.39813],[-88.55838,41.398185],[-88.55838,41.398205],[-88.558271,41.398288],[-88.558207,41.398274],[-88.558153,41.39824],[-88.55807,41.398233],[-88.558034,41.398234],[-88.557998,41.398261],[-88.557952,41.398309],[-88.557924,41.398392],[-88.557761,41.398516],[-88.55767,41.398564],[-88.557597,41.398577],[-88.557542,41.398611],[-88.557323,41.398714],[-88.55725,41.398721],[-88.557113,41.398701],[-88.557023,41.398639],[-88.557005,41.398467],[-88.55694,41.398419],[-88.556859,41.39842],[-88.556631,41.398568],[-88.556549,41.398639],[-88.556522,41.398715],[-88.556476,41.399017],[-88.556367,41.3991],[-88.556076,41.39912],[-88.555994,41.399162],[-88.555765,41.39921],[-88.555665,41.399275],[-88.555648,41.399293],[-88.555666,41.399409],[-88.555747,41.399498],[-88.555757,41.399546],[-88.555757,41.399574],[-88.555675,41.399635],[-88.55552,41.399649],[-88.555474,41.399635],[-88.555374,41.399567],[-88.555292,41.399553],[-88.55521,41.399553],[-88.555083,41.399574],[-88.554991,41.399546],[-88.554946,41.399513],[-88.554964,41.399375],[-88.555,41.39932],[-88.555059,41.399186],[-88.555082,41.399045],[-88.555027,41.398997],[-88.554943,41.398941],[-88.55489,41.398936],[-88.554827,41.398943],[-88.554736,41.399011],[-88.554718,41.399032],[-88.554699,41.399094],[-88.554673,41.399238],[-88.554637,41.399272],[-88.554545,41.399341],[-88.55449,41.399369],[-88.554235,41.399403],[-88.554188,41.399426],[-88.554164,41.399429],[-88.554071,41.399492],[-88.554035,41.39963],[-88.554035,41.399671],[-88.553998,41.399705],[-88.553907,41.399774],[-88.553807,41.399788],[-88.553744,41.399767],[-88.55367,41.399733],[-88.553443,41.399568],[-88.553415,41.399569],[-88.553333,41.399527],[-88.553179,41.39949],[-88.553123,41.399473],[-88.552914,41.399314],[-88.552695,41.399284],[-88.552622,41.39926],[-88.552582,41.399239],[-88.552413,41.399116],[-88.552349,41.399116],[-88.552108,41.399175],[-88.552022,41.399171],[-88.551939,41.399178],[-88.551912,41.399185],[-88.551875,41.399157],[-88.551756,41.399086],[-88.551516,41.398972],[-88.55142,41.398921],[-88.551274,41.398863],[-88.551237,41.398841],[-88.5512,41.398835],[-88.551137,41.398798],[-88.551042,41.398759],[-88.550909,41.398664],[-88.550809,41.398602],[-88.550726,41.398582],[-88.550531,41.398571],[-88.550399,41.398588],[-88.550102,41.398599],[-88.549788,41.398555],[-88.549616,41.398554],[-88.549239,41.39858],[-88.548996,41.39861],[-88.548886,41.39861],[-88.548567,41.398589],[-88.548276,41.398597],[-88.548157,41.398583],[-88.548112,41.398569],[-88.547893,41.398405],[-88.547766,41.398287],[-88.547747,41.398263],[-88.547611,41.398157],[-88.547378,41.398113],[-88.547069,41.398092],[-88.546107,41.398151],[-88.546062,41.398172],[-88.546035,41.398172],[-88.545715,41.398251],[-88.545674,41.398265],[-88.545574,41.398279],[-88.545461,41.398282],[-88.545306,41.398248],[-88.545223,41.398207],[-88.545078,41.398166],[-88.544978,41.398146],[-88.544674,41.398137],[-88.544549,41.398159],[-88.544472,41.398183],[-88.544439,41.398187],[-88.544153,41.398366],[-88.543985,41.398489],[-88.543893,41.398544],[-88.54373,41.398586],[-88.543429,41.398558],[-88.543256,41.398681],[-88.543201,41.398688],[-88.543137,41.398726],[-88.543078,41.39875],[-88.542873,41.398888],[-88.54285,41.399005],[-88.5427,41.399265],[-88.542655,41.399306],[-88.54261,41.399365],[-88.542217,41.399657],[-88.542181,41.399692],[-88.542153,41.399788],[-88.542168,41.400121],[-88.542163,41.400172],[-88.542118,41.400223],[-88.541999,41.400317],[-88.541935,41.400351],[-88.541871,41.400358],[-88.541762,41.400331],[-88.541722,41.40031],[-88.541489,41.400138],[-88.541406,41.400138],[-88.54127,41.400152],[-88.541165,41.400213],[-88.541088,41.400269],[-88.540924,41.40042],[-88.540951,41.400722],[-88.540942,41.400742],[-88.540906,41.400777],[-88.540806,41.400852],[-88.540678,41.400832],[-88.540623,41.400804],[-88.540578,41.400798],[-88.540487,41.400749],[-88.540459,41.40075],[-88.540418,41.400729],[-88.540241,41.400619],[-88.54004,41.400578],[-88.539813,41.400578],[-88.539684,41.400606],[-88.539631,41.400613],[-88.539576,41.400627],[-88.539548,41.400647],[-88.539321,41.400709],[-88.539216,41.400726],[-88.539138,41.400716],[-88.538992,41.40062],[-88.538893,41.40062],[-88.538801,41.400703],[-88.538765,41.400791],[-88.538719,41.400833],[-88.5387,41.400881],[-88.538673,41.400909],[-88.538592,41.401094],[-88.538546,41.401348],[-88.538537,41.401465],[-88.538556,41.401746],[-88.538582,41.401774],[-88.538647,41.401877],[-88.538674,41.401966],[-88.538692,41.402152],[-88.538656,41.402193],[-88.538565,41.402261],[-88.538519,41.402289],[-88.538417,41.402315],[-88.538077,41.402347],[-88.537863,41.402372],[-88.537817,41.402392],[-88.537791,41.402392],[-88.537626,41.402509],[-88.537608,41.402557],[-88.537627,41.402701],[-88.537672,41.402798],[-88.5378,41.402942],[-88.537863,41.403071],[-88.5379,41.403222],[-88.537891,41.403408],[-88.537919,41.403663],[-88.537919,41.404122],[-88.537883,41.404212],[-88.537832,41.404261],[-88.537646,41.40441],[-88.537495,41.404507],[-88.537409,41.404555],[-88.537363,41.404562],[-88.5373,41.404596],[-88.537254,41.404603],[-88.537199,41.404638],[-88.53714,41.404665],[-88.536747,41.404975],[-88.536689,41.405022],[-88.536638,41.405142],[-88.53663,41.405156],[-88.536648,41.405379],[-88.536708,41.405516],[-88.536734,41.405537],[-88.536762,41.405599],[-88.536799,41.405722],[-88.53679,41.405811],[-88.536813,41.406066],[-88.536862,41.406182],[-88.53689,41.40621],[-88.536918,41.406258],[-88.536963,41.406306],[-88.536972,41.406395],[-88.536953,41.406505],[-88.537023,41.406802],[-88.53704,41.407953],[-88.537079,41.4114],[-88.537109,41.414056],[-88.538814,41.414038],[-88.539353,41.414042],[-88.539542,41.414033],[-88.540844,41.414017],[-88.54344,41.414],[-88.555245,41.413877],[-88.556728,41.413857],[-88.559104,41.413825],[-88.568299,41.413694],[-88.57161,41.413636],[-88.574632,41.413589],[-88.577515,41.413548],[-88.577519,41.413813],[-88.577525,41.414224],[-88.577535,41.414911],[-88.577532,41.414923],[-88.577649,41.41813],[-88.57768,41.419411],[-88.577725,41.42077],[-88.59313,41.42059],[-88.595211,41.420498],[-88.595256,41.42231],[-88.595279,41.42326],[-88.595334,41.425855],[-88.595378,41.427651],[-88.595371,41.427786],[-88.595399,41.427958],[-88.595402,41.428146],[-88.595417,41.428928],[-88.595475,41.430936],[-88.595518,41.433015],[-88.595536,41.434088],[-88.595551,41.435035],[-88.595559,41.437284],[-88.595603,41.439087],[-88.595631,41.440423],[-88.595646,41.441154],[-88.595684,41.442384],[-88.59568,41.442483],[-88.595674,41.442543],[-88.595694,41.442806],[-88.595694,41.442847],[-88.595795,41.448506],[-88.595796,41.448577],[-88.595832,41.449693],[-88.595859,41.450523],[-88.595876,41.45121],[-88.595911,41.45487],[-88.595934,41.456043],[-88.595949,41.456765],[-88.59596,41.457034],[-88.59596,41.457071],[-88.595961,41.457129],[-88.595974,41.457729],[-88.596071,41.461147],[-88.596155,41.464348],[-88.596155,41.464372],[-88.596157,41.464446],[-88.596158,41.464471],[-88.596193,41.465901],[-88.596244,41.467986],[-88.596311,41.470194],[-88.596356,41.471625],[-88.59638,41.472319],[-88.596452,41.474404],[-88.596476,41.475099],[-88.596482,41.47528],[-88.596495,41.475629],[-88.596557,41.47722],[-88.596578,41.47776],[-88.59661,41.478581],[-88.596706,41.481071],[-88.596738,41.481902],[-88.596771,41.48277],[-88.596872,41.485374],[-88.596906,41.486243],[-88.596958,41.487639],[-88.597015,41.489134],[-88.597113,41.49183],[-88.597164,41.493236],[-88.597218,41.494731],[-88.597383,41.499245],[-88.597438,41.50075],[-88.597488,41.501893],[-88.597517,41.502555],[-88.597577,41.50436],[-88.597614,41.505324],[-88.597659,41.506468],[-88.597666,41.506673],[-88.59769,41.50729],[-88.597699,41.507496],[-88.597713,41.50787],[-88.597812,41.510404],[-88.598069,41.517002],[-88.598144,41.519131],[-88.598248,41.522041],[-88.598261,41.52242],[-88.598283,41.523036],[-88.598388,41.526021],[-88.598424,41.527016],[-88.598438,41.527454],[-88.598482,41.528772],[-88.598498,41.529212],[-88.598508,41.529514],[-88.59851,41.529579],[-88.598512,41.529608],[-88.598517,41.529691],[-88.598518,41.529805],[-88.598576,41.531544],[-88.598621,41.53286],[-88.598627,41.533054],[-88.598993,41.5439],[-88.599005,41.54418],[-88.599006,41.544224],[-88.599007,41.544263],[-88.599011,41.544357],[-88.599012,41.544402],[-88.599078,41.546193],[-88.599276,41.55157],[-88.599345,41.553363],[-88.599358,41.553364],[-88.59973,41.55338],[-88.599874,41.553387],[-88.60129,41.55343],[-88.6016,41.55344],[-88.604327,41.553525],[-88.604802,41.553527],[-88.605277,41.553514],[-88.605505,41.553503],[-88.605971,41.553469],[-88.607529,41.553357],[-88.607525,41.553578],[-88.607517,41.554241],[-88.607514,41.554463],[-88.60802,41.554201],[-88.60859,41.553907],[-88.609126,41.554831],[-88.609312,41.55515],[-88.609306,41.555202],[-88.609367,41.555338],[-88.609447,41.555508],[-88.609687,41.556019],[-88.609768,41.55619],[-88.609707,41.556279],[-88.609662,41.556354],[-88.609575,41.556557],[-88.609562,41.556588],[-88.609455,41.55689],[-88.609274,41.557295],[-88.609138,41.557461],[-88.608979,41.557638],[-88.608929,41.557695],[-88.608792,41.557887],[-88.608784,41.557922],[-88.608757,41.557949],[-88.608744,41.557977],[-88.608971,41.557901],[-88.609653,41.557676],[-88.609881,41.557601],[-88.609464,41.557915],[-88.609005,41.558264],[-88.608307,41.558965],[-88.608232,41.559042],[-88.60809,41.55919],[-88.608018,41.559266],[-88.607945,41.559341],[-88.609443,41.560405],[-88.610113,41.560942],[-88.610743,41.5615],[-88.610969,41.561736],[-88.611233,41.562108],[-88.611428,41.562474],[-88.611565,41.562816],[-88.611622,41.563151],[-88.611652,41.563225],[-88.611683,41.563448],[-88.611714,41.564103],[-88.611692,41.565288],[-88.611652,41.566172],[-88.611053,41.566175],[-88.611056,41.566643],[-88.611624,41.566643],[-88.611642,41.567162],[-88.611646,41.567252],[-88.611659,41.567373],[-88.609747,41.567781],[-88.609696,41.567662],[-88.609644,41.567699],[-88.609402,41.567707],[-88.609254,41.567755],[-88.608691,41.567965],[-88.608456,41.568054],[-88.607768,41.568311],[-88.607639,41.568421],[-88.60772,41.568495],[-88.607593,41.568608],[-88.607503,41.568683],[-88.607415,41.568613],[-88.606871,41.569083],[-88.605432,41.570325],[-88.602037,41.572143],[-88.600347,41.573049],[-88.600344,41.573072],[-88.600275,41.573752],[-88.600271,41.573802],[-88.60023,41.574499],[-88.60023,41.574531],[-88.600214,41.575261],[-88.600253,41.575781],[-88.600304,41.576457],[-88.60246,41.57665],[-88.603908,41.57678],[-88.604582,41.57683],[-88.605259,41.576854],[-88.608817,41.576853],[-88.608946,41.576852],[-88.611023,41.576845],[-88.611111,41.576844],[-88.612786,41.576837],[-88.615103,41.576829],[-88.617813,41.576814],[-88.619489,41.576805],[-88.619439,41.575431],[-88.619417,41.574819],[-88.625755,41.574608],[-88.625714,41.5763],[-88.630406,41.57622],[-88.6302,41.571273],[-88.639028,41.571208],[-88.648194,41.571142],[-88.652488,41.571155],[-88.665369,41.571194],[-88.669543,41.571207],[-88.669664,41.571207],[-88.669777,41.571206],[-88.670429,41.571199],[-88.672726,41.571176],[-88.673492,41.571169],[-88.673489,41.571555],[-88.673484,41.572348],[-88.673481,41.572715],[-88.673479,41.573102],[-88.673465,41.574802],[-88.673154,41.574803],[-88.668724,41.574825],[-88.668746,41.576425],[-88.668774,41.578354],[-88.668775,41.578436],[-88.668777,41.578523],[-88.6688,41.579701],[-88.668847,41.581969],[-88.669461,41.581913],[-88.670375,41.581913],[-88.671559,41.581915],[-88.671642,41.581915],[-88.671732,41.581918],[-88.672456,41.581938],[-88.673642,41.581972],[-88.673652,41.58323],[-88.673657,41.583839],[-88.673658,41.583942],[-88.673659,41.584045],[-88.673662,41.584123],[-88.673665,41.584201],[-88.673679,41.584597],[-88.673739,41.586256],[-88.67376,41.58681],[-88.673767,41.586999],[-88.67377,41.587079],[-88.673772,41.587133],[-88.673773,41.587159],[-88.673808,41.588102],[-88.673817,41.588325],[-88.673821,41.588426],[-88.673824,41.588487],[-88.673827,41.588548],[-88.673833,41.588689],[-88.673842,41.588867],[-88.674454,41.588871],[-88.674718,41.588873],[-88.675546,41.588903],[-88.678031,41.588995],[-88.67839,41.589009],[-88.678625,41.589018],[-88.67886,41.589026],[-88.679141,41.589018],[-88.67933,41.589046],[-88.679424,41.589064],[-88.679613,41.58909],[-88.679657,41.589105],[-88.679749,41.589126],[-88.679872,41.589182],[-88.679909,41.589205],[-88.680039,41.58931],[-88.680092,41.58937],[-88.680127,41.589437],[-88.680135,41.589507],[-88.680131,41.589543],[-88.68012,41.589577],[-88.680097,41.589609],[-88.680072,41.589629],[-88.680033,41.589662],[-88.679864,41.589788],[-88.679775,41.589872],[-88.679696,41.589962],[-88.679686,41.589996],[-88.679692,41.590103],[-88.679718,41.590171],[-88.679747,41.5902],[-88.679817,41.590248],[-88.679898,41.590287],[-88.67999,41.590307],[-88.680037,41.590312],[-88.680228,41.590319],[-88.680275,41.590316],[-88.680323,41.590318],[-88.680465,41.590338],[-88.68051,41.590352],[-88.680593,41.590387],[-88.68082,41.590517],[-88.680862,41.590535],[-88.680951,41.59056],[-88.681092,41.590582],[-88.681176,41.590617],[-88.681276,41.590693],[-88.68129,41.590727],[-88.68129,41.590763],[-88.681279,41.590798],[-88.681257,41.590829],[-88.681181,41.590873],[-88.681138,41.590886],[-88.680906,41.590935],[-88.680816,41.59096],[-88.680781,41.590985],[-88.680736,41.591048],[-88.680697,41.591113],[-88.680685,41.591147],[-88.68065,41.591212],[-88.680605,41.591351],[-88.680575,41.591419],[-88.680487,41.591584],[-88.680464,41.591652],[-88.680448,41.591722],[-88.680465,41.591897],[-88.68048,41.591932],[-88.680528,41.591992],[-88.680602,41.592038],[-88.680645,41.592054],[-88.680692,41.592059],[-88.680931,41.592039],[-88.681064,41.591997],[-88.681165,41.591929],[-88.68128,41.591854],[-88.681331,41.591837],[-88.681368,41.59186],[-88.681502,41.5919],[-88.681543,41.591916],[-88.681727,41.591956],[-88.681767,41.591974],[-88.681994,41.59203],[-88.682186,41.592028],[-88.682378,41.59202],[-88.682425,41.592027],[-88.682465,41.592046],[-88.682498,41.592072],[-88.682519,41.592104],[-88.682531,41.592139],[-88.682521,41.592275],[-88.682374,41.59235],[-88.682342,41.592377],[-88.68229,41.592435],[-88.682288,41.592471],[-88.682262,41.592537],[-88.682257,41.592606],[-88.682278,41.592712],[-88.68229,41.592746],[-88.68234,41.592993],[-88.682388,41.593054],[-88.682424,41.593078],[-88.682465,41.593097],[-88.682561,41.593105],[-88.682657,41.593102],[-88.682705,41.593097],[-88.682752,41.593097],[-88.68279,41.59312],[-88.682823,41.593146],[-88.682874,41.593206],[-88.682968,41.593288],[-88.683075,41.593405],[-88.683247,41.593576],[-88.683272,41.593606],[-88.683309,41.593672],[-88.683364,41.593731],[-88.683407,41.593795],[-88.683457,41.593855],[-88.683514,41.593912],[-88.683587,41.594004],[-88.683646,41.59406],[-88.683685,41.594125],[-88.683757,41.594217],[-88.68381,41.594277],[-88.683864,41.594376],[-88.683892,41.594443],[-88.683908,41.594514],[-88.683916,41.594585],[-88.683912,41.59462],[-88.6839,41.594655],[-88.683846,41.594699],[-88.68368,41.59477],[-88.683641,41.594791],[-88.683615,41.59481],[-88.683573,41.594842],[-88.683471,41.594962],[-88.68344,41.595029],[-88.683412,41.595133],[-88.683407,41.595169],[-88.683415,41.59531],[-88.683427,41.595381],[-88.683452,41.59545],[-88.683491,41.595515],[-88.683545,41.595574],[-88.683612,41.595625],[-88.683649,41.595648],[-88.683692,41.595663],[-88.683737,41.595658],[-88.683829,41.595635],[-88.683955,41.595583],[-88.684033,41.595544],[-88.684108,41.595499],[-88.684201,41.595482],[-88.684296,41.595474],[-88.684438,41.595478],[-88.684532,41.595495],[-88.68458,41.595497],[-88.684673,41.595514],[-88.684767,41.595526],[-88.684911,41.595535],[-88.685007,41.59553],[-88.685101,41.595517],[-88.685194,41.595497],[-88.685284,41.595471],[-88.685375,41.59545],[-88.685423,41.595444],[-88.685567,41.595441],[-88.685663,41.595449],[-88.685804,41.595473],[-88.685976,41.595537],[-88.686014,41.595558],[-88.686047,41.595584],[-88.68607,41.595615],[-88.686134,41.595669],[-88.686175,41.595687],[-88.686324,41.595776],[-88.686384,41.595832],[-88.686394,41.595866],[-88.686381,41.59615],[-88.686349,41.596216],[-88.686339,41.59625],[-88.68629,41.596349],[-88.686265,41.59638],[-88.686161,41.59654],[-88.686112,41.5966],[-88.686073,41.596665],[-88.685985,41.596749],[-88.685888,41.596827],[-88.685784,41.596901],[-88.685633,41.596989],[-88.685555,41.59703],[-88.685519,41.597054],[-88.685398,41.597112],[-88.685282,41.597175],[-88.6852,41.597212],[-88.685162,41.597235],[-88.684982,41.597286],[-88.684861,41.597343],[-88.684606,41.597443],[-88.684214,41.597578],[-88.684079,41.597617],[-88.683993,41.597648],[-88.683817,41.597702],[-88.683637,41.597747],[-88.683599,41.597769],[-88.683465,41.597808],[-88.68338,41.597841],[-88.683113,41.597923],[-88.68307,41.59794],[-88.682934,41.597977],[-88.682658,41.598035],[-88.682571,41.598066],[-88.682261,41.598161],[-88.68213,41.598205],[-88.682049,41.59824],[-88.682003,41.598252],[-88.681923,41.59829],[-88.681811,41.598354],[-88.68174,41.598401],[-88.681626,41.598462],[-88.681504,41.598515],[-88.681332,41.598577],[-88.681153,41.598625],[-88.681106,41.598634],[-88.681022,41.598667],[-88.680907,41.59873],[-88.680875,41.598756],[-88.680801,41.598802],[-88.680739,41.598856],[-88.680801,41.598967],[-88.680857,41.599025],[-88.680895,41.599055],[-88.681049,41.59918],[-88.681082,41.599247],[-88.681087,41.599282],[-88.681082,41.599353],[-88.681074,41.599388],[-88.68106,41.599422],[-88.68104,41.599455],[-88.680989,41.599515],[-88.680972,41.599548],[-88.680915,41.599606],[-88.680775,41.599703],[-88.6807,41.599746],[-88.680418,41.599877],[-88.680279,41.599973],[-88.680219,41.600028],[-88.680131,41.600154],[-88.680102,41.600221],[-88.68006,41.600396],[-88.679985,41.600565],[-88.679944,41.600629],[-88.67993,41.600663],[-88.679925,41.600805],[-88.679911,41.600875],[-88.679893,41.600908],[-88.679792,41.601029],[-88.679746,41.601091],[-88.679667,41.60118],[-88.67959,41.601311],[-88.679564,41.60134],[-88.679497,41.601391],[-88.679413,41.601427],[-88.679379,41.601452],[-88.679255,41.601561],[-88.679188,41.601612],[-88.679042,41.601679],[-88.678984,41.601706],[-88.678947,41.601729],[-88.678788,41.601808],[-88.678752,41.601831],[-88.678629,41.601887],[-88.678551,41.601928],[-88.678252,41.602043],[-88.678163,41.602067],[-88.678109,41.602077],[-88.67798,41.602102],[-88.677891,41.602124],[-88.677844,41.602124],[-88.677801,41.602138],[-88.677709,41.602148],[-88.677488,41.602205],[-88.677403,41.602235],[-88.677184,41.602302],[-88.67706,41.602358],[-88.677023,41.60238],[-88.676923,41.602456],[-88.676834,41.602541],[-88.676813,41.602573],[-88.67676,41.60271],[-88.676725,41.602885],[-88.676671,41.603095],[-88.676658,41.603165],[-88.676622,41.603269],[-88.676603,41.603339],[-88.676495,41.603575],[-88.676496,41.603646],[-88.676489,41.60368],[-88.67649,41.603751],[-88.676498,41.603786],[-88.676526,41.603853],[-88.676569,41.603917],[-88.676597,41.603946],[-88.676636,41.603966],[-88.676725,41.603994],[-88.676762,41.604002],[-88.676863,41.604024],[-88.676908,41.604038],[-88.677064,41.604119],[-88.677185,41.604176],[-88.677229,41.60419],[-88.677372,41.604286],[-88.67752,41.604376],[-88.677591,41.604424],[-88.677652,41.604479],[-88.677683,41.604541],[-88.677705,41.604572],[-88.677725,41.604621],[-88.677733,41.60464],[-88.677774,41.604705],[-88.677925,41.604842],[-88.678009,41.604929],[-88.678048,41.604974],[-88.678113,41.605049],[-88.678149,41.605099],[-88.678182,41.605143],[-88.678195,41.605154],[-88.678276,41.605224],[-88.678352,41.605305],[-88.678402,41.605359],[-88.678301,41.605421],[-88.678328,41.60549],[-88.678336,41.605524],[-88.678337,41.605558],[-88.678309,41.605612],[-88.678154,41.605736],[-88.678116,41.605874],[-88.678136,41.605918],[-88.67818,41.606011],[-88.678235,41.606094],[-88.678279,41.606231],[-88.678289,41.606285],[-88.678726,41.606623],[-88.6794,41.607105],[-88.679573,41.607236],[-88.679655,41.607325],[-88.679664,41.607341],[-88.679692,41.607386],[-88.679713,41.607527],[-88.679691,41.607634],[-88.679663,41.607696],[-88.679635,41.607716],[-88.679616,41.607764],[-88.679571,41.607816],[-88.679479,41.607888],[-88.67942,41.607924],[-88.679361,41.60796],[-88.679114,41.608059],[-88.679077,41.608065],[-88.678935,41.608103],[-88.678592,41.608123],[-88.678529,41.608146],[-88.678442,41.608188],[-88.678392,41.608222],[-88.678355,41.60826],[-88.67841,41.608298],[-88.678953,41.608274],[-88.679085,41.608258],[-88.679437,41.608241],[-88.679514,41.608231],[-88.679597,41.608211],[-88.679652,41.608176],[-88.67968,41.608176],[-88.679935,41.607984],[-88.680037,41.607924],[-88.680082,41.607902],[-88.680365,41.607903],[-88.680483,41.607917],[-88.680657,41.607966],[-88.681058,41.608213],[-88.681204,41.608282],[-88.681395,41.608365],[-88.681459,41.608379],[-88.68175,41.608599],[-88.681777,41.608634],[-88.681888,41.608716],[-88.682042,41.608813],[-88.682152,41.608861],[-88.682224,41.608881],[-88.68238,41.608903],[-88.682453,41.608937],[-88.68249,41.608937],[-88.682745,41.608999],[-88.682799,41.609027],[-88.682827,41.609027],[-88.682872,41.609055],[-88.682945,41.609075],[-88.682981,41.609095],[-88.683045,41.60911],[-88.683136,41.609164],[-88.683196,41.609192],[-88.683328,41.609275],[-88.683519,41.60942],[-88.683628,41.609481],[-88.683897,41.60962],[-88.684111,41.609778],[-88.684147,41.609815],[-88.684176,41.609846],[-88.684194,41.609895],[-88.684239,41.609943],[-88.684229,41.610053],[-88.684193,41.610094],[-88.68412,41.610149],[-88.684056,41.610128],[-88.684001,41.610087],[-88.683946,41.610032],[-88.683591,41.609763],[-88.683436,41.609749],[-88.68339,41.609777],[-88.683327,41.609831],[-88.683321,41.609855],[-88.683343,41.610051],[-88.683389,41.610181],[-88.683434,41.610284],[-88.683452,41.610333],[-88.683502,41.610473],[-88.683556,41.6107],[-88.68357,41.610779],[-88.683534,41.610992],[-88.683423,41.611081],[-88.68334,41.611088],[-88.683221,41.611082],[-88.682985,41.611073],[-88.682747,41.611018],[-88.682665,41.610976],[-88.682619,41.61097],[-88.682546,41.610932],[-88.682474,41.610901],[-88.682428,41.610893],[-88.682318,41.610839],[-88.682282,41.610831],[-88.682199,41.61079],[-88.682117,41.610763],[-88.682081,41.610742],[-88.682036,41.610728],[-88.681998,41.610721],[-88.681835,41.610673],[-88.68162,41.610621],[-88.681306,41.610576],[-88.680949,41.610486],[-88.680885,41.610465],[-88.680858,41.610444],[-88.680813,41.610438],[-88.680772,41.610417],[-88.680576,41.610334],[-88.680513,41.6103],[-88.680298,41.610244],[-88.680056,41.610182],[-88.679815,41.61013],[-88.679682,41.610113],[-88.67949,41.610112],[-88.679362,41.610133],[-88.679294,41.61015],[-88.679294,41.610758],[-88.679294,41.610994],[-88.679293,41.611837],[-88.679293,41.612516],[-88.679293,41.612585],[-88.679293,41.613194],[-88.679242,41.613229],[-88.679207,41.61326],[-88.679168,41.613297],[-88.679141,41.613359],[-88.67915,41.613424],[-88.679269,41.613498],[-88.679333,41.613538],[-88.679366,41.613548],[-88.679351,41.614894],[-88.679338,41.615013],[-88.679229,41.616092],[-88.679206,41.616312],[-88.676113,41.616236],[-88.674648,41.6162],[-88.674453,41.616189],[-88.673991,41.616164],[-88.673871,41.616174],[-88.673835,41.616178],[-88.673679,41.616198],[-88.672692,41.61618],[-88.672529,41.616177],[-88.671704,41.616162],[-88.669773,41.616126],[-88.669753,41.616816],[-88.669752,41.616886],[-88.669737,41.617425],[-88.669722,41.617965],[-88.669655,41.617975],[-88.669599,41.618004],[-88.669575,41.618009],[-88.669537,41.61803],[-88.669464,41.618044],[-88.669409,41.618071],[-88.669262,41.618184],[-88.669135,41.618303],[-88.669098,41.618372],[-88.669058,41.61847],[-88.669037,41.61854],[-88.668968,41.618962],[-88.668882,41.619177],[-88.668815,41.619474],[-88.668801,41.619504],[-88.668741,41.619851],[-88.668722,41.619988],[-88.668698,41.620266],[-88.668698,41.620349],[-88.668715,41.620631],[-88.668764,41.621067],[-88.668773,41.621389],[-88.668767,41.621427],[-88.668675,41.621625],[-88.668583,41.621721],[-88.668336,41.621934],[-88.668157,41.622064],[-88.668016,41.622132],[-88.667875,41.622222],[-88.667705,41.622338],[-88.667542,41.622482],[-88.667467,41.62255],[-88.667449,41.622598],[-88.667338,41.622728],[-88.667182,41.622876],[-88.667045,41.623016],[-88.666953,41.623119],[-88.666935,41.62316],[-88.666916,41.62318],[-88.666898,41.623228],[-88.66687,41.623256],[-88.666834,41.623332],[-88.666788,41.623387],[-88.666769,41.623435],[-88.666742,41.623462],[-88.666715,41.623517],[-88.666685,41.623542],[-88.665694,41.623538],[-88.664704,41.623533],[-88.660147,41.623512],[-88.660146,41.623973],[-88.660141,41.626265],[-88.660136,41.628556],[-88.659528,41.628995],[-88.659342,41.629104],[-88.659227,41.629181],[-88.659122,41.629229],[-88.659008,41.629304],[-88.658789,41.6294],[-88.658743,41.629408],[-88.658706,41.629429],[-88.65856,41.629463],[-88.65846,41.629491],[-88.658341,41.629546],[-88.658267,41.629573],[-88.658176,41.629622],[-88.658002,41.629684],[-88.657921,41.629725],[-88.657847,41.629742],[-88.657729,41.629781],[-88.657692,41.629801],[-88.657627,41.629815],[-88.657554,41.629849],[-88.657472,41.62987],[-88.657372,41.629917],[-88.657325,41.629924],[-88.657289,41.629946],[-88.657253,41.629952],[-88.657179,41.629973],[-88.657143,41.629994],[-88.657079,41.630008],[-88.656955,41.630046],[-88.65685,41.630063],[-88.656827,41.63007],[-88.65675,41.630083],[-88.656302,41.630297],[-88.656179,41.630346],[-88.656156,41.630359],[-88.656119,41.630366],[-88.655991,41.630408],[-88.655877,41.630438],[-88.655644,41.630463],[-88.655547,41.630487],[-88.655223,41.630518],[-88.655191,41.630528],[-88.655022,41.630546],[-88.654446,41.63054],[-88.654309,41.630637],[-88.65424,41.630791],[-88.654217,41.630877],[-88.654211,41.631036],[-88.65424,41.631055],[-88.654241,41.631095],[-88.654255,41.63118],[-88.654261,41.631264],[-88.654256,41.631397],[-88.654268,41.631513],[-88.654274,41.631765],[-88.654312,41.631817],[-88.654291,41.631949],[-88.654323,41.632013],[-88.654287,41.632218],[-88.654281,41.632376],[-88.654306,41.632429],[-88.654327,41.632519],[-88.654323,41.632795],[-88.654309,41.63293],[-88.654269,41.632976],[-88.654219,41.633002],[-88.654199,41.633033],[-88.654139,41.633168],[-88.654059,41.633293],[-88.65394,41.633292],[-88.653878,41.63336],[-88.653817,41.633429],[-88.653349,41.633681],[-88.653105,41.633976],[-88.652938,41.634228],[-88.652771,41.6345],[-88.652629,41.634821],[-88.652299,41.635271],[-88.652122,41.63548],[-88.652073,41.635656],[-88.652079,41.635833],[-88.651943,41.636028],[-88.651867,41.636118],[-88.651832,41.636185],[-88.651749,41.636386],[-88.651752,41.636547],[-88.651596,41.637019],[-88.651255,41.637258],[-88.651084,41.637388],[-88.651056,41.637724],[-88.651071,41.637897],[-88.651083,41.637966],[-88.651076,41.638001],[-88.651095,41.638069],[-88.651093,41.638104],[-88.651127,41.638239],[-88.651126,41.638274],[-88.651143,41.638344],[-88.651144,41.63838],[-88.651116,41.638483],[-88.651052,41.638615],[-88.651042,41.638757],[-88.651047,41.638792],[-88.651078,41.638894],[-88.651113,41.63898],[-88.651285,41.639085],[-88.65175,41.639016],[-88.652184,41.638973],[-88.652338,41.639023],[-88.652527,41.63919],[-88.65268,41.639517],[-88.652697,41.639584],[-88.652764,41.639848],[-88.652786,41.639937],[-88.652976,41.640212],[-88.653123,41.640306],[-88.653324,41.640381],[-88.653575,41.640428],[-88.653785,41.640542],[-88.653929,41.640674],[-88.654036,41.640854],[-88.654051,41.640891],[-88.654061,41.640959],[-88.65405,41.64103],[-88.654005,41.641095],[-88.653776,41.641262],[-88.653644,41.641492],[-88.653677,41.641785],[-88.653707,41.64189],[-88.653757,41.641957],[-88.653843,41.642073],[-88.653949,41.642183],[-88.654165,41.642379],[-88.654543,41.642693],[-88.654613,41.642991],[-88.654938,41.64353],[-88.655086,41.643667],[-88.655462,41.643699],[-88.655506,41.643723],[-88.655594,41.643771],[-88.655671,41.643872],[-88.655706,41.644075],[-88.655654,41.644627],[-88.655689,41.645237],[-88.655785,41.645546],[-88.655693,41.645663],[-88.655451,41.645848],[-88.655285,41.646002],[-88.655231,41.646238],[-88.655129,41.646618],[-88.655037,41.646729],[-88.654853,41.646852],[-88.654836,41.646886],[-88.654812,41.647058],[-88.654685,41.647146],[-88.654564,41.647387],[-88.654267,41.647627],[-88.65394,41.647949],[-88.653748,41.648082],[-88.653219,41.648234],[-88.652802,41.648384],[-88.6523,41.648673],[-88.652055,41.648795],[-88.651365,41.648974],[-88.651145,41.649038],[-88.651032,41.64904],[-88.651033,41.649119],[-88.65105,41.652093],[-88.651051,41.652279],[-88.651052,41.652416],[-88.651056,41.652948],[-88.651239,41.652994],[-88.651654,41.653095],[-88.652544,41.653311],[-88.653279,41.653489],[-88.653454,41.653542],[-88.653659,41.653615],[-88.653817,41.653679],[-88.65399,41.653763],[-88.65413,41.653841],[-88.654286,41.653937],[-88.654339,41.653975],[-88.654417,41.65403],[-88.654632,41.654213],[-88.654872,41.654451],[-88.654979,41.654564],[-88.655111,41.654736],[-88.65526,41.654955],[-88.655407,41.655135],[-88.655578,41.6553],[-88.655679,41.655368],[-88.655788,41.655433],[-88.655881,41.655482],[-88.656052,41.655561],[-88.656261,41.655624],[-88.656371,41.655648],[-88.656474,41.655665],[-88.656733,41.655694],[-88.657678,41.655767],[-88.658193,41.655822],[-88.658447,41.655855],[-88.659148,41.655959],[-88.660125,41.656127],[-88.661289,41.656343],[-88.661812,41.656433],[-88.662835,41.656624],[-88.661872,41.658388],[-88.661521,41.659011],[-88.66103,41.65991],[-88.665503,41.659985],[-88.665461,41.661812],[-88.665587,41.664462],[-88.666044,41.664566],[-88.671396,41.665787],[-88.67146,41.668833],[-88.671488,41.670559],[-88.676435,41.670527],[-88.67647,41.674432],[-88.68064,41.674407],[-88.683623,41.674381],[-88.684417,41.67437],[-88.688823,41.674338],[-88.689823,41.674334],[-88.69133,41.674313],[-88.692217,41.6743],[-88.692238,41.674321],[-88.692294,41.674346],[-88.69285,41.674344],[-88.693253,41.674353],[-88.69346,41.674314],[-88.693739,41.674352],[-88.693959,41.674351],[-88.694456,41.674306],[-88.695194,41.674328],[-88.695376,41.674396],[-88.695495,41.674534],[-88.695547,41.674686],[-88.695564,41.674799],[-88.695903,41.675051],[-88.696049,41.675352],[-88.696074,41.675403],[-88.696192,41.675428],[-88.696513,41.675541],[-88.696648,41.675616],[-88.696733,41.675616],[-88.696993,41.675674],[-88.697072,41.67574],[-88.697093,41.675749],[-88.697222,41.675741],[-88.697282,41.675748],[-88.697452,41.6758],[-88.697832,41.675888],[-88.698032,41.67597],[-88.698212,41.676029],[-88.698362,41.676103],[-88.698532,41.676155],[-88.698682,41.676221],[-88.698872,41.676281],[-88.699012,41.676392],[-88.699083,41.676526],[-88.699343,41.676697],[-88.69945,41.676781],[-88.699523,41.676838],[-88.699843,41.676934],[-88.699973,41.677009],[-88.700084,41.677055],[-88.700201,41.677075],[-88.700202,41.677124],[-88.70021,41.678682],[-88.700234,41.67896],[-88.700268,41.680094],[-88.700289,41.681008],[-88.700327,41.682209],[-88.700357,41.683546],[-88.700359,41.684973],[-88.700359,41.685028],[-88.700439,41.689008],[-88.700468,41.690128],[-88.700515,41.695017],[-88.700538,41.696029],[-88.68887,41.696138],[-88.681037,41.696224],[-88.68114,41.702],[-88.681152,41.703102],[-88.681165,41.704203],[-88.681167,41.70436],[-88.6812,41.707917],[-88.681208,41.709462],[-88.68099,41.709475],[-88.680826,41.709495],[-88.680395,41.70956],[-88.680198,41.709596],[-88.679977,41.709642],[-88.679721,41.709699],[-88.679562,41.709734],[-88.679463,41.709756],[-88.679358,41.709783],[-88.679188,41.709827],[-88.679308,41.709926],[-88.679413,41.710053],[-88.679447,41.710101],[-88.679474,41.710184],[-88.679491,41.710275],[-88.679485,41.714089],[-88.679477,41.714891],[-88.679474,41.714995],[-88.67948,41.715163],[-88.679499,41.718782],[-88.660829,41.718977],[-88.652623,41.719063],[-88.652174,41.719068],[-88.650913,41.71908],[-88.646994,41.719119],[-88.642339,41.719166],[-88.642316,41.719185],[-88.642257,41.719213],[-88.642195,41.719232],[-88.64213,41.719243],[-88.642053,41.719247],[-88.641755,41.719251],[-88.640713,41.719249],[-88.639027,41.719272],[-88.638166,41.719269],[-88.636572,41.719273],[-88.636263,41.71927],[-88.636148,41.719276],[-88.63606,41.719293],[-88.635999,41.71932],[-88.635938,41.719366],[-88.635894,41.719421],[-88.635872,41.719537],[-88.635864,41.719674],[-88.635878,41.719896],[-88.635889,41.721581],[-88.635773,41.721588],[-88.634352,41.721721],[-88.633366,41.721799],[-88.631517,41.721953],[-88.630669,41.722016],[-88.629414,41.722123],[-88.628936,41.722167],[-88.627728,41.72225],[-88.626711,41.722337],[-88.626134,41.722381],[-88.625086,41.722483],[-88.624533,41.722521],[-88.624128,41.722554],[-88.623889,41.722612],[-88.623632,41.722768],[-88.621941,41.723883],[-88.621403,41.724204],[-88.620871,41.724672],[-88.620295,41.725118],[-88.619431,41.72577],[-88.619219,41.725945],[-88.619163,41.726049],[-88.619096,41.726614],[-88.619047,41.726836],[-88.618922,41.726926],[-88.618809,41.726968],[-88.618683,41.726978],[-88.618401,41.726974],[-88.618171,41.726989],[-88.617819,41.726994],[-88.617461,41.727005],[-88.617229,41.727066],[-88.617079,41.727156],[-88.616748,41.727576],[-88.616604,41.727694],[-88.616428,41.727699],[-88.615969,41.727682],[-88.614192,41.727663],[-88.613689,41.727654],[-88.612243,41.727677],[-88.611689,41.727689],[-88.611689,41.727737],[-88.611705,41.73039],[-88.611701,41.731616],[-88.611716,41.733941],[-88.609927,41.733967],[-88.607927,41.733986],[-88.607813,41.733984],[-88.607491,41.733987],[-88.60743,41.73395],[-88.607291,41.733813],[-88.607291,41.733724],[-88.607234,41.733639],[-88.607114,41.733564],[-88.606919,41.733532],[-88.60675,41.73356],[-88.606431,41.733782],[-88.606311,41.733783],[-88.606172,41.733628],[-88.606153,41.733524],[-88.606259,41.733458],[-88.606328,41.733364],[-88.606334,41.733222],[-88.606245,41.733058],[-88.606232,41.732959],[-88.606313,41.732822],[-88.606363,41.732723],[-88.606369,41.732615],[-88.606325,41.732535],[-88.606205,41.732394],[-88.60616,41.732215],[-88.606022,41.732126],[-88.605845,41.732035],[-88.605813,41.731904],[-88.6058,41.7318],[-88.605731,41.731716],[-88.605649,41.731659],[-88.605504,41.731655],[-88.605398,41.731721],[-88.605323,41.731872],[-88.605248,41.731994],[-88.605167,41.731985],[-88.605009,41.731868],[-88.60499,41.73175],[-88.605002,41.731642],[-88.60497,41.731534],[-88.604851,41.731478],[-88.604612,41.731426],[-88.604398,41.731389],[-88.604203,41.731389],[-88.604083,41.73131],[-88.604114,41.731086],[-88.603997,41.731089],[-88.603956,41.731089],[-88.601981,41.731085],[-88.601992,41.734093],[-88.602067,41.748608],[-88.602122,41.763698],[-88.602144,41.766935],[-88.602144,41.76695],[-88.602145,41.767173],[-88.602145,41.767187],[-88.602145,41.768969],[-88.602145,41.769133],[-88.602145,41.769155],[-88.602145,41.769598],[-88.602145,41.769609],[-88.602147,41.774627],[-88.602147,41.774746],[-88.602147,41.774773],[-88.602181,41.778038],[-88.602243,41.785598],[-88.602229,41.785695],[-88.602205,41.785818],[-88.602205,41.785861],[-88.602245,41.788238],[-88.602264,41.790725],[-88.602267,41.791102],[-88.602268,41.791227],[-88.602269,41.791324],[-88.60227,41.79142],[-88.60227,41.791468],[-88.60227,41.791493],[-88.602404,41.791557],[-88.602858,41.791805],[-88.603116,41.791988],[-88.603451,41.792321],[-88.603988,41.792899],[-88.604301,41.79307],[-88.604346,41.79322],[-88.604315,41.793371],[-88.604291,41.793607],[-88.604382,41.794233],[-88.604366,41.794962],[-88.6044,41.795544],[-88.60437,41.795968],[-88.604368,41.796914],[-88.604357,41.797271],[-88.60432,41.797511],[-88.604164,41.797836],[-88.603665,41.798799],[-88.603553,41.799095],[-88.603404,41.799406],[-88.603286,41.799703],[-88.603315,41.799755],[-88.602481,41.799816],[-88.602393,41.799826],[-88.602518,41.804666],[-88.60256,41.80661],[-88.602566,41.806847],[-88.60252,41.808584],[-88.602511,41.809043],[-88.602507,41.809107],[-88.602466,41.810247],[-88.602422,41.812295],[-88.602386,41.813677],[-88.602379,41.813932],[-88.602358,41.814113],[-88.602354,41.814793],[-88.60236,41.815893],[-88.602319,41.819271],[-88.602297,41.821117],[-88.602272,41.822488],[-88.602248,41.822867],[-88.602246,41.822893],[-88.602199,41.828512],[-88.610643,41.829046],[-88.613999,41.828383],[-88.619544,41.828302],[-88.621704,41.828276],[-88.621717,41.829278],[-88.621645,41.831453],[-88.621619,41.832584],[-88.621588,41.834305],[-88.621555,41.835494],[-88.625153,41.835482],[-88.626749,41.835472],[-88.626824,41.835472],[-88.630322,41.835444],[-88.633265,41.8354],[-88.635833,41.83537],[-88.640912,41.835286],[-88.640826,41.840016],[-88.640708,41.849807],[-88.647038,41.849774],[-88.650107,41.849751],[-88.652499,41.849759],[-88.652912,41.84976],[-88.660047,41.849756],[-88.659966,41.85658],[-88.659913,41.859213],[-88.65988,41.860375],[-88.659832,41.861738],[-88.659794,41.864322],[-88.659774,41.865324],[-88.659744,41.866237],[-88.659708,41.868576],[-88.659685,41.871219],[-88.643752,41.871219],[-88.640272,41.871223],[-88.640239,41.874418],[-88.640208,41.876994],[-88.640189,41.87877],[-88.640194,41.881202],[-88.640238,41.88533],[-88.640254,41.893511],[-88.640197,41.89377],[-88.640143,41.893967],[-88.640078,41.894172],[-88.639904,41.894676],[-88.639849,41.894852],[-88.640603,41.895393],[-88.641668,41.896162],[-88.642792,41.89699],[-88.644182,41.898054],[-88.644941,41.898567],[-88.645611,41.898952],[-88.646065,41.899198],[-88.646893,41.899563],[-88.647731,41.899888],[-88.64852,41.900164],[-88.649328,41.900391],[-88.650146,41.900578],[-88.651024,41.900746],[-88.651822,41.900844],[-88.652256,41.900874],[-88.652798,41.900904],[-88.653439,41.900933],[-88.654109,41.900933],[-88.656387,41.900913],[-88.659778,41.900886],[-88.660463,41.900873],[-88.66403,41.900835],[-88.665456,41.900829],[-88.665454,41.901038],[-88.665447,41.901615],[-88.665401,41.905425],[-88.6654,41.905535],[-88.665206,41.905726],[-88.665011,41.905937],[-88.664859,41.906048],[-88.664724,41.906097],[-88.664589,41.90613],[-88.664133,41.906207],[-88.663491,41.906329],[-88.662513,41.906551],[-88.661641,41.906694],[-88.661233,41.906721],[-88.660118,41.906764],[-88.659755,41.906783],[-88.65959,41.906791],[-88.658529,41.906759],[-88.65525,41.906728],[-88.654793,41.906719],[-88.654448,41.906755],[-88.654016,41.906893],[-88.653429,41.907102],[-88.652882,41.90726],[-88.652545,41.907438],[-88.652498,41.907514],[-88.652404,41.90759],[-88.652061,41.907909],[-88.651853,41.90822],[-88.651766,41.908418],[-88.651747,41.908507],[-88.651693,41.908761],[-88.651734,41.908893],[-88.651884,41.909175],[-88.651974,41.909438],[-88.651995,41.909658],[-88.652223,41.910724],[-88.652314,41.911294],[-88.652302,41.911607],[-88.652283,41.911774],[-88.652184,41.912289],[-88.651955,41.913607],[-88.651705,41.914914],[-88.651692,41.915116],[-88.651809,41.915409],[-88.651863,41.91552],[-88.651837,41.915657],[-88.651743,41.915824],[-88.651744,41.915868],[-88.65366,41.916146],[-88.65933,41.91697],[-88.665403,41.917858],[-88.665494,41.922472],[-88.669368,41.922415],[-88.670049,41.922414],[-88.671791,41.922392],[-88.678027,41.9223],[-88.682706,41.922245],[-88.683538,41.92224],[-88.683538,41.922341],[-88.683513,41.922689],[-88.683528,41.923383],[-88.68354,41.923914],[-88.68388,41.92391],[-88.684138,41.923907],[-88.684251,41.923895],[-88.684388,41.923903],[-88.68472,41.923899],[-88.684994,41.923895],[-88.685272,41.923892],[-88.685555,41.923888],[-88.685825,41.923884],[-88.686144,41.923881],[-88.686389,41.923877],[-88.68667,41.923873],[-88.686954,41.923869],[-88.687287,41.923865],[-88.687529,41.923862],[-88.687633,41.92386],[-88.688178,41.923853],[-88.688291,41.923852],[-88.688403,41.92385],[-88.688629,41.923847],[-88.688762,41.923852],[-88.688763,41.924263],[-88.688762,41.924922],[-88.688763,41.925501],[-88.688767,41.925839],[-88.688767,41.925878],[-88.688769,41.926138],[-88.688771,41.929458],[-88.687127,41.92951],[-88.682997,41.9295],[-88.680603,41.929494],[-88.6793,41.929491],[-88.679278,41.933069],[-88.679277,41.933233],[-88.676984,41.933258],[-88.676014,41.933268],[-88.675841,41.93327],[-88.675131,41.93326],[-88.674815,41.933241],[-88.674635,41.933221],[-88.674172,41.933154],[-88.673451,41.933041],[-88.672685,41.932954],[-88.67254,41.932945],[-88.672316,41.932938],[-88.671815,41.932942],[-88.669236,41.932987],[-88.661559,41.933149],[-88.659566,41.93318],[-88.657155,41.933184],[-88.655291,41.933183],[-88.653829,41.933177],[-88.651582,41.933165],[-88.650515,41.93317],[-88.647804,41.933165],[-88.644921,41.933149],[-88.640547,41.93313],[-88.638064,41.933094],[-88.637852,41.933076],[-88.637643,41.933052],[-88.637387,41.933012],[-88.637036,41.932943],[-88.636694,41.932853],[-88.636564,41.932813],[-88.636387,41.932758],[-88.635993,41.932605],[-88.635754,41.9325],[-88.634767,41.932084],[-88.63442,41.931952],[-88.634037,41.931824],[-88.63388,41.931776],[-88.633654,41.931715],[-88.633498,41.93168],[-88.632022,41.932096],[-88.631901,41.932129],[-88.630569,41.93249],[-88.630469,41.932517],[-88.630378,41.932526],[-88.630378,41.93257],[-88.630403,41.934474],[-88.630504,41.936183],[-88.630507,41.936312],[-88.630498,41.936537],[-88.630451,41.936759],[-88.630382,41.93698],[-88.630338,41.937086],[-88.630272,41.937217],[-88.630041,41.937499],[-88.629935,41.937596],[-88.629741,41.937758],[-88.626334,41.940278],[-88.626023,41.940483],[-88.625948,41.940521],[-88.625864,41.940554],[-88.625631,41.9406],[-88.625429,41.940621],[-88.625168,41.940633],[-88.62066,41.940901],[-88.620697,41.951325],[-88.620691,41.951655],[-88.62071,41.951826],[-88.620743,41.951933],[-88.612643,41.951969],[-88.611895,41.951976],[-88.604198,41.952105],[-88.601399,41.952151],[-88.601399,41.952292],[-88.601474,41.959479],[-88.601416,41.970479],[-88.601411,41.971043],[-88.601412,41.974491],[-88.605498,41.97548],[-88.606806,41.975821],[-88.607385,41.975963],[-88.608521,41.976256],[-88.610344,41.976716],[-88.60908,41.979221],[-88.608191,41.98108],[-88.60815,41.981177],[-88.608054,41.981399],[-88.601289,41.981473],[-88.601316,41.988634],[-88.601365,41.995983],[-88.60145,42.003265],[-88.599677,42.003327],[-88.583826,42.003358],[-88.581612,42.00337],[-88.581763,42.006758],[-88.576274,42.006747],[-88.576285,42.003374],[-88.572185,42.003378],[-88.567376,42.003383],[-88.567297,42.003384],[-88.562451,42.003471],[-88.557684,42.00355],[-88.547804,42.003796],[-88.547776,41.996559],[-88.547772,41.996483],[-88.542879,41.996531],[-88.528127,41.996675],[-88.52655,41.996706],[-88.51834,41.996819],[-88.518251,41.993364],[-88.518151,41.9895],[-88.513298,41.989511],[-88.513297,41.989392],[-88.50958,41.989476],[-88.509531,41.988585],[-88.508479,41.988591],[-88.508507,41.989624],[-88.50192,41.989666],[-88.488996,41.989769],[-88.488327,41.989774],[-88.472342,41.990077],[-88.477538,41.996352],[-88.473275,41.99638],[-88.473279,41.996775],[-88.473286,41.997403],[-88.473345,41.99966],[-88.473469,42.00447],[-88.473661,42.011927],[-88.478305,42.011892],[-88.478407,42.015858],[-88.478465,42.019133],[-88.473025,42.01922],[-88.472915,42.019223],[-88.472902,42.019259],[-88.472881,42.01929],[-88.472819,42.019314],[-88.472806,42.01933],[-88.47273,42.019393],[-88.472639,42.019452],[-88.472639,42.01947],[-88.472628,42.019494],[-88.472626,42.019576],[-88.472617,42.019595],[-88.472614,42.019667],[-88.472593,42.01969],[-88.47252,42.019749],[-88.472523,42.019772],[-88.472541,42.019785],[-88.472552,42.019805],[-88.472541,42.019824],[-88.472488,42.019859],[-88.472463,42.019891],[-88.472432,42.019903],[-88.472407,42.019904],[-88.472402,42.019935],[-88.472376,42.019958],[-88.472325,42.019981],[-88.472155,42.02012],[-88.47211,42.020175],[-88.472066,42.020215],[-88.47201,42.020244],[-88.47196,42.020287],[-88.471817,42.020428],[-88.471688,42.02051],[-88.47163,42.020569],[-88.471543,42.020645],[-88.4715,42.020667],[-88.471466,42.0207],[-88.47142,42.02072],[-88.471383,42.020718],[-88.471367,42.020697],[-88.471308,42.020693],[-88.471231,42.020745],[-88.471201,42.020776],[-88.47114,42.020802],[-88.471027,42.020816],[-88.470997,42.020832],[-88.470963,42.02084],[-88.470901,42.020843],[-88.470759,42.020787],[-88.470738,42.020773],[-88.470671,42.020749],[-88.47064,42.020748],[-88.470608,42.020763],[-88.470559,42.020759],[-88.47053,42.020746],[-88.470505,42.020742],[-88.470457,42.020757],[-88.470426,42.020781],[-88.470393,42.020797],[-88.470339,42.020814],[-88.470292,42.020814],[-88.470224,42.020837],[-88.470228,42.020867],[-88.470253,42.020892],[-88.470284,42.020913],[-88.470273,42.020974],[-88.470283,42.021028],[-88.470277,42.02105],[-88.470237,42.021104],[-88.47021,42.021125],[-88.470199,42.021146],[-88.470197,42.021231],[-88.470209,42.021259],[-88.470231,42.021285],[-88.470247,42.021322],[-88.470247,42.021366],[-88.470211,42.021409],[-88.470137,42.02144],[-88.4701,42.021447],[-88.470056,42.021461],[-88.470024,42.02148],[-88.470006,42.0215],[-88.469974,42.021505],[-88.469949,42.021492],[-88.469882,42.021489],[-88.469831,42.021525],[-88.469795,42.021538],[-88.469781,42.021556],[-88.469775,42.021574],[-88.469748,42.021602],[-88.46974,42.021625],[-88.469713,42.021643],[-88.469628,42.021663],[-88.469555,42.021735],[-88.469526,42.021808],[-88.469514,42.021825],[-88.469497,42.021838],[-88.469489,42.021857],[-88.469474,42.021873],[-88.469453,42.021884],[-88.469365,42.021885],[-88.469319,42.021911],[-88.469317,42.021952],[-88.469309,42.02198],[-88.469284,42.022005],[-88.469252,42.022018],[-88.46911,42.02203],[-88.469087,42.022044],[-88.469052,42.022046],[-88.468999,42.022016],[-88.468974,42.022014],[-88.468949,42.022018],[-88.468915,42.022016],[-88.468872,42.022019],[-88.468833,42.022031],[-88.468707,42.022099],[-88.468663,42.022127],[-88.46864,42.022152],[-88.4686,42.022173],[-88.468564,42.022178],[-88.468517,42.022167],[-88.468453,42.022118],[-88.468415,42.022101],[-88.468381,42.022096],[-88.468342,42.022096],[-88.468319,42.022116],[-88.468305,42.022149],[-88.468305,42.022178],[-88.468324,42.022199],[-88.468339,42.022242],[-88.468334,42.022264],[-88.468291,42.022279],[-88.468305,42.022313],[-88.468302,42.022333],[-88.468307,42.022376],[-88.468294,42.022399],[-88.468275,42.022411],[-88.468171,42.022416],[-88.468135,42.022405],[-88.468093,42.022382],[-88.467984,42.022379],[-88.467949,42.022394],[-88.467903,42.022406],[-88.467732,42.022422],[-88.467668,42.022441],[-88.467579,42.022521],[-88.467561,42.022549],[-88.467534,42.022572],[-88.467496,42.022578],[-88.46745,42.02258],[-88.467384,42.02257],[-88.467346,42.022577],[-88.467323,42.022569],[-88.467312,42.022545],[-88.467328,42.022516],[-88.467294,42.022467],[-88.467293,42.022448],[-88.467306,42.022417],[-88.467323,42.022398],[-88.467353,42.022381],[-88.467419,42.022367],[-88.467443,42.022354],[-88.467446,42.022281],[-88.467438,42.022257],[-88.467396,42.022219],[-88.467374,42.022209],[-88.46735,42.022205],[-88.467321,42.022208],[-88.467275,42.022228],[-88.467179,42.022247],[-88.467147,42.022237],[-88.467117,42.022203],[-88.467118,42.022159],[-88.46707,42.022163],[-88.467008,42.022183],[-88.466965,42.022184],[-88.466936,42.02219],[-88.466856,42.022187],[-88.466763,42.022149],[-88.466712,42.022118],[-88.466666,42.022127],[-88.466562,42.022091],[-88.466536,42.022088],[-88.466463,42.022109],[-88.466377,42.022122],[-88.466308,42.022116],[-88.466265,42.022116],[-88.466219,42.022105],[-88.466196,42.02209],[-88.466163,42.022087],[-88.466113,42.022107],[-88.466075,42.022116],[-88.466011,42.022114],[-88.465973,42.0221],[-88.465937,42.022076],[-88.465921,42.022057],[-88.465898,42.022042],[-88.465787,42.022027],[-88.465746,42.022027],[-88.465682,42.022051],[-88.465668,42.022075],[-88.465666,42.022097],[-88.465647,42.022137],[-88.465645,42.02216],[-88.465657,42.022182],[-88.46566,42.022201],[-88.465649,42.022217],[-88.465601,42.022229],[-88.465562,42.022225],[-88.46553,42.022228],[-88.465467,42.022261],[-88.465433,42.022265],[-88.465392,42.022259],[-88.465308,42.022205],[-88.465251,42.022205],[-88.465235,42.022224],[-88.465232,42.02226],[-88.465213,42.022272],[-88.465181,42.022272],[-88.465115,42.022316],[-88.465094,42.022346],[-88.465087,42.022382],[-88.465056,42.022408],[-88.465034,42.022419],[-88.465002,42.022426],[-88.464919,42.022427],[-88.464879,42.022413],[-88.464846,42.022393],[-88.464826,42.022369],[-88.464817,42.022346],[-88.464778,42.022303],[-88.464745,42.022292],[-88.464711,42.022293],[-88.464649,42.022332],[-88.46462,42.022338],[-88.464572,42.022337],[-88.464547,42.022331],[-88.464518,42.022307],[-88.464446,42.022283],[-88.464396,42.022284],[-88.464373,42.022296],[-88.464278,42.022331],[-88.464226,42.022357],[-88.464143,42.022361],[-88.464142,42.022451],[-88.464172,42.028073],[-88.464183,42.030903],[-88.463968,42.0309],[-88.463895,42.030906],[-88.463803,42.030906],[-88.463776,42.03092],[-88.46374,42.030932],[-88.463707,42.030923],[-88.463676,42.030899],[-88.463634,42.030886],[-88.463592,42.03089],[-88.463494,42.03088],[-88.463335,42.030883],[-88.463289,42.030888],[-88.463258,42.030899],[-88.463224,42.030899],[-88.463193,42.030888],[-88.463118,42.030891],[-88.46303,42.030901],[-88.462961,42.030875],[-88.462925,42.03087],[-88.462769,42.030865],[-88.462716,42.030871],[-88.462666,42.030866],[-88.46261,42.030854],[-88.462572,42.030866],[-88.46253,42.030862],[-88.462482,42.030843],[-88.462434,42.03083],[-88.462355,42.030783],[-88.462259,42.030739],[-88.462227,42.030716],[-88.462182,42.03066],[-88.462102,42.030625],[-88.461889,42.030555],[-88.46185,42.030549],[-88.46181,42.030522],[-88.461689,42.030464],[-88.461576,42.03042],[-88.461436,42.030341],[-88.461302,42.03025],[-88.460904,42.030029],[-88.460858,42.029997],[-88.460783,42.02996],[-88.460741,42.029926],[-88.460315,42.029696],[-88.460277,42.029662],[-88.460217,42.029629],[-88.460137,42.029575],[-88.460094,42.029539],[-88.460035,42.029509],[-88.459993,42.029475],[-88.459718,42.029368],[-88.459657,42.029333],[-88.459605,42.029296],[-88.459298,42.02914],[-88.459244,42.029126],[-88.459164,42.029113],[-88.45912,42.029089],[-88.459056,42.029066],[-88.458926,42.029037],[-88.458717,42.029046],[-88.458523,42.029041],[-88.458464,42.029048],[-88.458378,42.029037],[-88.458299,42.029041],[-88.458201,42.029053],[-88.45814,42.029044],[-88.458052,42.029055],[-88.457981,42.029071],[-88.457857,42.029077],[-88.457681,42.029074],[-88.457527,42.029066],[-88.457231,42.029072],[-88.45703,42.029058],[-88.456965,42.029065],[-88.456888,42.02908],[-88.456668,42.029096],[-88.456524,42.029096],[-88.456376,42.029089],[-88.456217,42.029092],[-88.456083,42.029081],[-88.455533,42.029108],[-88.455268,42.029113],[-88.454971,42.029107],[-88.454835,42.029116],[-88.454764,42.029116],[-88.454697,42.029104],[-88.454509,42.029111],[-88.454434,42.029121],[-88.4544,42.029119],[-88.454348,42.029107],[-88.45427,42.02907],[-88.454218,42.029053],[-88.454151,42.029051],[-88.454089,42.029057],[-88.45402,42.029058],[-88.453859,42.02904],[-88.4538,42.029016],[-88.453631,42.028987],[-88.453549,42.028985],[-88.453503,42.02899],[-88.453453,42.028988],[-88.45334,42.028968],[-88.453311,42.028952],[-88.45328,42.028962],[-88.453182,42.028944],[-88.453111,42.028941],[-88.453046,42.028925],[-88.452789,42.028917],[-88.45263,42.028893],[-88.452563,42.028869],[-88.45244,42.028843],[-88.452373,42.028837],[-88.452306,42.028843],[-88.452245,42.028853],[-88.452176,42.028859],[-88.452091,42.028845],[-88.451984,42.028846],[-88.451892,42.028835],[-88.451792,42.028835],[-88.451627,42.028848],[-88.451512,42.028845],[-88.451298,42.028822],[-88.451052,42.028817],[-88.450999,42.028807],[-88.450914,42.028803],[-88.450742,42.028806],[-88.4507,42.028795],[-88.450661,42.028746],[-88.450623,42.028736],[-88.450573,42.028752],[-88.450535,42.028752],[-88.450437,42.028743],[-88.450362,42.028732],[-88.450276,42.028732],[-88.450128,42.028712],[-88.450027,42.028685],[-88.449967,42.028661],[-88.449929,42.02865],[-88.449784,42.028622],[-88.449746,42.028608],[-88.449631,42.028581],[-88.44957,42.028581],[-88.449511,42.028573],[-88.449443,42.028556],[-88.449382,42.028546],[-88.449334,42.028545],[-88.449248,42.02853],[-88.449213,42.028536],[-88.449169,42.028538],[-88.449086,42.02852],[-88.449062,42.028525],[-88.449041,42.028535],[-88.448957,42.028541],[-88.448929,42.028535],[-88.448911,42.028523],[-88.448872,42.028535],[-88.44851,42.028537],[-88.448341,42.028544],[-88.448291,42.028553],[-88.448238,42.028554],[-88.448203,42.028548],[-88.448171,42.028556],[-88.448107,42.028559],[-88.448011,42.028551],[-88.447908,42.028563],[-88.447636,42.028566],[-88.447584,42.028575],[-88.447204,42.028584],[-88.446884,42.028617],[-88.446831,42.028627],[-88.446729,42.028661],[-88.446681,42.028693],[-88.446626,42.028753],[-88.446601,42.028792],[-88.446364,42.029044],[-88.446331,42.029085],[-88.446258,42.029131],[-88.446207,42.029204],[-88.446117,42.029285],[-88.44601,42.029398],[-88.445661,42.029727],[-88.445568,42.029809],[-88.445485,42.029902],[-88.445417,42.03002],[-88.445377,42.030122],[-88.445355,42.030155],[-88.44531,42.030249],[-88.445161,42.030513],[-88.445111,42.030638],[-88.445046,42.030738],[-88.444971,42.030913],[-88.444939,42.031019],[-88.444861,42.031223],[-88.444849,42.031273],[-88.44485,42.031332],[-88.444857,42.031378],[-88.444909,42.03156],[-88.444915,42.031649],[-88.444908,42.031772],[-88.444891,42.031835],[-88.444895,42.031929],[-88.444883,42.031972],[-88.444889,42.032075],[-88.444905,42.032128],[-88.444983,42.03225],[-88.445068,42.032355],[-88.445106,42.032453],[-88.445143,42.032495],[-88.445195,42.032542],[-88.445368,42.032649],[-88.445446,42.032677],[-88.44551,42.032715],[-88.445533,42.032752],[-88.44554,42.032838],[-88.445535,42.032861],[-88.445516,42.032873],[-88.445498,42.032908],[-88.445446,42.032982],[-88.448452,42.0342],[-88.44598,42.034249],[-88.445969,42.034342],[-88.445942,42.034431],[-88.4459,42.034498],[-88.445711,42.034734],[-88.445644,42.0348],[-88.445602,42.034848],[-88.44554,42.034893],[-88.445492,42.034934],[-88.445324,42.035026],[-88.445088,42.035163],[-88.444868,42.035271],[-88.444673,42.035385],[-88.444571,42.035455],[-88.44443,42.035589],[-88.444378,42.035674],[-88.444365,42.035823],[-88.44434,42.035921],[-88.444313,42.03596],[-88.444296,42.036004],[-88.444294,42.036067],[-88.444066,42.037157],[-88.444034,42.037281],[-88.444013,42.03745],[-88.443912,42.037896],[-88.44389,42.038015],[-88.443884,42.038089],[-88.44387,42.038152],[-88.443849,42.038217],[-88.443832,42.038291],[-88.44381,42.038471],[-88.44377,42.038606],[-88.443766,42.038651],[-88.443753,42.038709],[-88.443726,42.038756],[-88.443653,42.038841],[-88.443508,42.03898],[-88.44346,42.03906],[-88.44337,42.039184],[-88.443345,42.039261],[-88.443342,42.039479],[-88.443334,42.039531],[-88.44322,42.039996],[-88.443111,42.040316],[-88.443077,42.040369],[-88.443038,42.040471],[-88.443002,42.040531],[-88.442943,42.040685],[-88.442909,42.040802],[-88.442842,42.040937],[-88.442809,42.041037],[-88.442624,42.04143],[-88.442609,42.041486],[-88.442613,42.041577],[-88.4426,42.04162],[-88.442473,42.041746],[-88.44233,42.041822],[-88.442174,42.041915],[-88.441659,42.042282],[-88.441299,42.042519],[-88.44124,42.042575],[-88.441179,42.042616],[-88.441138,42.042658],[-88.44111,42.042772],[-88.441095,42.042872],[-88.441037,42.042991],[-88.440974,42.04317],[-88.440973,42.043244],[-88.440948,42.043385],[-88.440919,42.043428],[-88.440862,42.043474],[-88.440741,42.043521],[-88.440672,42.043542],[-88.440609,42.043556],[-88.440567,42.04357],[-88.440511,42.043595],[-88.440454,42.043613],[-88.440396,42.043617],[-88.440273,42.043611],[-88.440114,42.043574],[-88.440064,42.043574],[-88.439943,42.043591],[-88.439779,42.043632],[-88.439692,42.043644],[-88.439535,42.043647],[-88.439351,42.043669],[-88.439063,42.04369],[-88.438927,42.043709],[-88.438874,42.04371],[-88.438826,42.043699],[-88.438778,42.043696],[-88.438404,42.043728],[-88.438262,42.043748],[-88.438151,42.043757],[-88.437963,42.043786],[-88.437919,42.043779],[-88.437791,42.043777],[-88.43772,42.043782],[-88.437626,42.043795],[-88.437507,42.043795],[-88.437309,42.043836],[-88.437129,42.043837],[-88.437056,42.043834],[-88.437003,42.043826],[-88.436889,42.04385],[-88.436673,42.043857],[-88.436561,42.043854],[-88.436477,42.043834],[-88.436423,42.043813],[-88.436241,42.043776],[-88.436195,42.04377],[-88.436145,42.043772],[-88.436061,42.043745],[-88.435946,42.043673],[-88.435832,42.043566],[-88.435802,42.043522],[-88.435779,42.04346],[-88.435776,42.043347],[-88.435736,42.04327],[-88.435726,42.043222],[-88.435726,42.043182],[-88.435699,42.043113],[-88.435687,42.043044],[-88.435657,42.042955],[-88.435624,42.042927],[-88.435597,42.042858],[-88.435546,42.042695],[-88.435513,42.042624],[-88.435513,42.042542],[-88.435468,42.04244],[-88.435417,42.042297],[-88.435411,42.042219],[-88.435303,42.041866],[-88.435228,42.041737],[-88.435112,42.041488],[-88.434956,42.041188],[-88.434762,42.040852],[-88.434729,42.040768],[-88.434681,42.04069],[-88.434591,42.040494],[-88.434531,42.040325],[-88.434423,42.040226],[-88.434292,42.040132],[-88.434137,42.040039],[-88.434026,42.039999],[-88.433916,42.039966],[-88.433776,42.039941],[-88.43334,42.039893],[-88.43277,42.03982],[-88.432021,42.039712],[-88.430237,42.039435],[-88.428798,42.039116],[-88.428455,42.039036],[-88.428276,42.038988],[-88.428151,42.03895],[-88.42799,42.03891],[-88.427864,42.038883],[-88.427712,42.038873],[-88.42739,42.038875],[-88.427235,42.038891],[-88.426937,42.038942],[-88.426722,42.038989],[-88.426507,42.039054],[-88.426418,42.039096],[-88.426316,42.039158],[-88.426236,42.039214],[-88.425896,42.039381],[-88.425789,42.039408],[-88.425696,42.039455],[-88.425634,42.039508],[-88.425553,42.039561],[-88.425491,42.039622],[-88.425446,42.039684],[-88.425419,42.039748],[-88.425411,42.03998],[-88.425417,42.040277],[-88.425435,42.040378],[-88.425498,42.040491],[-88.425549,42.040598],[-88.425635,42.040727],[-88.425752,42.04088],[-88.426141,42.041453],[-88.426174,42.041491],[-88.426201,42.041587],[-88.426242,42.041707],[-88.426317,42.041874],[-88.426377,42.04196],[-88.426416,42.042065],[-88.426455,42.042143],[-88.426515,42.042227],[-88.426589,42.04232],[-88.426607,42.042385],[-88.426667,42.042456],[-88.426712,42.042589],[-88.426769,42.042658],[-88.426817,42.042761],[-88.426817,42.042816],[-88.426805,42.042865],[-88.426781,42.042918],[-88.426749,42.042963],[-88.426713,42.043003],[-88.426656,42.043047],[-88.426608,42.043068],[-88.426513,42.043095],[-88.426453,42.043097],[-88.426316,42.043081],[-88.426236,42.043064],[-88.426122,42.043046],[-88.425943,42.043028],[-88.425752,42.042999],[-88.425579,42.042984],[-88.425451,42.042968],[-88.425316,42.042944],[-88.4252,42.042913],[-88.425117,42.042902],[-88.425042,42.0429],[-88.424588,42.042798],[-88.424287,42.042749],[-88.424057,42.042745],[-88.423959,42.04274],[-88.423601,42.042692],[-88.423478,42.04269],[-88.423386,42.042697],[-88.423272,42.042721],[-88.423097,42.042795],[-88.423049,42.042832],[-88.422992,42.04289],[-88.422951,42.042962],[-88.422927,42.043037],[-88.422918,42.043124],[-88.422924,42.043184],[-88.422966,42.04336],[-88.422981,42.043449],[-88.422964,42.043586],[-88.422964,42.043715],[-88.422946,42.043824],[-88.422949,42.043958],[-88.422961,42.044116],[-88.422956,42.044307],[-88.422971,42.044474],[-88.422965,42.04466],[-88.42295,42.04483],[-88.422951,42.045074],[-88.422933,42.045296],[-88.422918,42.045354],[-88.422883,42.045412],[-88.422647,42.045544],[-88.422331,42.045764],[-88.421666,42.046136],[-88.421508,42.046249],[-88.421398,42.046343],[-88.421076,42.046515],[-88.420915,42.04659],[-88.420852,42.04663],[-88.420775,42.046668],[-88.420703,42.046713],[-88.420614,42.04676],[-88.420483,42.046842],[-88.420426,42.04686],[-88.420366,42.046886],[-88.420346,42.046903],[-88.420331,42.046916],[-88.42032,42.046931],[-88.42031,42.046946],[-88.420306,42.046962],[-88.420087,42.046937],[-88.418931,42.046789],[-88.418918,42.046888],[-88.41717,42.046664],[-88.416894,42.046628],[-88.416918,42.046529],[-88.416402,42.046461],[-88.411607,42.045854],[-88.410854,42.045758],[-88.410841,42.045857],[-88.410949,42.053484],[-88.41065,42.053466],[-88.410198,42.053463],[-88.409972,42.053448],[-88.409691,42.053446],[-88.409581,42.053441],[-88.409477,42.053446],[-88.409301,42.05348],[-88.409188,42.05352],[-88.40895,42.053617],[-88.40879,42.053688],[-88.408729,42.053778],[-88.408673,42.053825],[-88.408567,42.053889],[-88.408484,42.053978],[-88.408428,42.054054],[-88.408271,42.054192],[-88.408158,42.05428],[-88.408042,42.054351],[-88.407951,42.054396],[-88.407856,42.054428],[-88.407741,42.054456],[-88.407631,42.054502],[-88.407536,42.054549],[-88.407343,42.054609],[-88.407198,42.054668],[-88.40691,42.054756],[-88.4068,42.054794],[-88.406715,42.054834],[-88.406463,42.054915],[-88.40639,42.054946],[-88.406339,42.054978],[-88.405981,42.05507],[-88.405402,42.055171],[-88.405343,42.055184],[-88.405298,42.055207],[-88.40519,42.055312],[-88.405169,42.055334],[-88.405684,42.055704],[-88.405597,42.055806],[-88.405078,42.055433],[-88.404826,42.055644],[-88.40459,42.055788],[-88.404372,42.055939],[-88.404181,42.056053],[-88.403979,42.056185],[-88.403659,42.056413],[-88.403162,42.056734],[-88.402864,42.056945],[-88.402746,42.057024],[-88.402694,42.057084],[-88.402581,42.057245],[-88.402558,42.057314],[-88.402539,42.057421],[-88.40253,42.057505],[-88.402549,42.057754],[-88.402589,42.0579],[-88.402712,42.058484],[-88.4028,42.058961],[-88.402871,42.059224],[-88.402935,42.059566],[-88.402949,42.059632],[-88.402987,42.05981],[-88.403034,42.059998],[-88.403056,42.06018],[-88.403117,42.060447],[-88.403117,42.060545],[-88.403125,42.060651],[-88.403172,42.060766],[-88.403202,42.060887],[-88.403297,42.061394],[-88.403328,42.061468],[-88.403373,42.061521],[-88.403389,42.061596],[-88.403389,42.061754],[-88.403394,42.061836],[-88.40343,42.061962],[-88.403496,42.062306],[-88.403574,42.062456],[-88.403619,42.062522],[-88.40384,42.062773],[-88.40418,42.063122],[-88.404239,42.063199],[-88.404347,42.063308],[-88.404642,42.063625],[-88.404802,42.06379],[-88.405064,42.064088],[-88.405175,42.064204],[-88.405241,42.064292],[-88.405335,42.064391],[-88.405401,42.064468],[-88.405469,42.064514],[-88.405582,42.06464],[-88.405674,42.06473],[-88.405896,42.064984],[-88.405997,42.065081],[-88.406049,42.065168],[-88.406106,42.065224],[-88.406155,42.065263],[-88.406219,42.065289],[-88.40628,42.065335],[-88.406398,42.065459],[-88.406483,42.065584],[-88.406542,42.065654],[-88.406581,42.065696],[-88.406657,42.065777],[-88.406712,42.06582],[-88.406761,42.065869],[-88.406804,42.065943],[-88.406822,42.065989],[-88.406829,42.066042],[-88.409264,42.066772],[-88.408511,42.06674],[-88.407857,42.066733],[-88.407405,42.066729],[-88.407278,42.066735],[-88.406579,42.06677],[-88.406109,42.066793],[-88.405798,42.066801],[-88.404286,42.066777],[-88.403606,42.066766],[-88.403603,42.067767],[-88.40364,42.068276],[-88.403612,42.074602],[-88.403617,42.074697],[-88.403613,42.075602],[-88.403611,42.076329],[-88.403609,42.076732],[-88.403608,42.077493],[-88.403547,42.081466],[-88.395467,42.081559],[-88.3939,42.081577],[-88.393899,42.081916],[-88.393903,42.083438],[-88.393859,42.083467],[-88.393821,42.083513],[-88.393805,42.083566],[-88.393817,42.083741],[-88.39384,42.083808],[-88.393883,42.083867],[-88.393894,42.083908],[-88.393859,42.084057],[-88.393855,42.084116],[-88.393871,42.084185],[-88.393864,42.084292],[-88.393869,42.084343],[-88.393886,42.084397],[-88.393886,42.084457],[-88.393879,42.084517],[-88.39386,42.084576],[-88.393855,42.084624],[-88.393869,42.084701],[-88.393869,42.084845],[-88.393888,42.084913],[-88.393891,42.084985],[-88.39387,42.085082],[-88.393863,42.085196],[-88.393872,42.085312],[-88.393887,42.085406],[-88.39387,42.085501],[-88.393861,42.085597],[-88.393878,42.085754],[-88.393871,42.085957],[-88.393885,42.086027],[-88.393871,42.08618],[-88.393887,42.086336],[-88.393883,42.086555],[-88.393873,42.086741],[-88.39386,42.086992],[-88.393872,42.087101],[-88.393902,42.087171],[-88.393891,42.087354],[-88.393874,42.087415],[-88.393874,42.087475],[-88.393891,42.087536],[-88.393886,42.087603],[-88.393886,42.087712],[-88.393875,42.087757],[-88.393875,42.08786],[-88.393891,42.087934],[-88.393891,42.087997],[-88.393873,42.088056],[-88.393853,42.088118],[-88.393845,42.088148],[-88.393837,42.088219],[-88.393845,42.088273],[-88.393866,42.08835],[-88.393818,42.08856],[-88.39381,42.088614],[-88.393808,42.088676],[-88.393798,42.088726],[-88.393779,42.088759],[-88.393768,42.088814],[-88.393764,42.08893],[-88.393716,42.08899],[-88.393667,42.089033],[-88.393587,42.089088],[-88.393443,42.08925],[-88.393384,42.089323],[-88.393243,42.08945],[-88.393086,42.089625],[-88.392854,42.089861],[-88.392804,42.08992],[-88.392563,42.09016],[-88.392491,42.090241],[-88.392417,42.090351],[-88.392274,42.090499],[-88.392195,42.09057],[-88.391967,42.090794],[-88.391874,42.090858],[-88.39179,42.090931],[-88.391684,42.091036],[-88.391594,42.091118],[-88.391486,42.091225],[-88.391359,42.091336],[-88.391296,42.091411],[-88.391233,42.091476],[-88.391173,42.091548],[-88.391062,42.091789],[-88.39099,42.092034],[-88.390975,42.092176],[-88.390935,42.092275],[-88.390923,42.092428],[-88.390891,42.092619],[-88.390864,42.092683],[-88.390815,42.092845],[-88.390716,42.093058],[-88.390663,42.093125],[-88.390615,42.093204],[-88.390571,42.093261],[-88.390528,42.093327],[-88.390492,42.093398],[-88.39045,42.093464],[-88.390391,42.093529],[-88.390184,42.093723],[-88.390102,42.093809],[-88.389998,42.093894],[-88.389905,42.093981],[-88.389817,42.094045],[-88.389464,42.094286],[-88.389339,42.09439],[-88.389025,42.094767],[-88.388976,42.094921],[-88.388951,42.095195],[-88.388977,42.095294],[-88.38897,42.095333],[-88.388947,42.095374],[-88.388909,42.095409],[-88.388844,42.09544],[-88.3887,42.095559],[-88.388605,42.095615],[-88.388476,42.095666],[-88.388381,42.095685],[-88.388277,42.09569],[-88.388127,42.095671],[-88.388045,42.095666],[-88.387965,42.095627],[-88.387876,42.095604],[-88.387428,42.095604],[-88.387281,42.095599],[-88.387121,42.095571],[-88.386769,42.09548],[-88.386574,42.095416],[-88.38643,42.095388],[-88.386251,42.095345],[-88.386117,42.095297],[-88.386011,42.095238],[-88.38594,42.095166],[-88.385723,42.095019],[-88.385649,42.09499],[-88.385515,42.094967],[-88.38524,42.094964],[-88.384888,42.094931],[-88.384734,42.094907],[-88.384581,42.094876],[-88.384456,42.094836],[-88.384373,42.094776],[-88.384232,42.094683],[-88.384091,42.094546],[-88.384005,42.094486],[-88.38388,42.094412],[-88.383682,42.094331],[-88.383525,42.094274],[-88.383429,42.094227],[-88.383221,42.094079],[-88.383051,42.09386],[-88.382882,42.093672],[-88.382715,42.09352],[-88.382491,42.0933],[-88.382325,42.093107],[-88.381736,42.092517],[-88.38156,42.092324],[-88.381499,42.092236],[-88.381467,42.092174],[-88.381387,42.09196],[-88.381329,42.091776],[-88.381207,42.091529],[-88.381111,42.091319],[-88.381082,42.091214],[-88.381082,42.091102],[-88.381089,42.091009],[-88.381069,42.090516],[-88.381043,42.090378],[-88.380979,42.090273],[-88.380877,42.090169],[-88.380714,42.09005],[-88.380458,42.089916],[-88.380051,42.089766],[-88.379936,42.089704],[-88.379751,42.089597],[-88.379683,42.089507],[-88.379651,42.089395],[-88.379626,42.089276],[-88.379571,42.089126],[-88.379517,42.089007],[-88.37944,42.088904],[-88.379354,42.088828],[-88.379296,42.088809],[-88.379214,42.0888],[-88.37954,42.07913],[-88.379357,42.079045],[-88.378766,42.078825],[-88.378013,42.078604],[-88.37449,42.07757],[-88.373335,42.07719],[-88.372321,42.076948],[-88.368128,42.075745],[-88.367166,42.075447],[-88.359728,42.073138],[-88.358088,42.07262],[-88.357776,42.072571],[-88.357643,42.071798],[-88.356785,42.066825],[-88.355869,42.066901],[-88.355081,42.066825],[-88.355168,42.06957],[-88.355163,42.070486],[-88.354954,42.072418],[-88.354942,42.072686],[-88.35486,42.074407],[-88.354894,42.074539],[-88.35494,42.074905],[-88.354917,42.076192],[-88.354902,42.076986],[-88.354867,42.078903],[-88.354859,42.079321],[-88.354852,42.079671],[-88.354838,42.080509],[-88.354874,42.080912],[-88.354863,42.08157],[-88.354807,42.086662],[-88.354776,42.089089],[-88.354683,42.089039],[-88.354663,42.089283],[-88.352462,42.088315],[-88.349779,42.087137],[-88.349717,42.088587],[-88.349653,42.090126],[-88.349394,42.096285],[-88.35231,42.096363],[-88.352292,42.096863],[-88.352322,42.097848],[-88.352277,42.098404],[-88.352249,42.103344],[-88.352681,42.103342],[-88.352793,42.103341],[-88.354358,42.103333],[-88.354633,42.103332],[-88.354698,42.103332],[-88.354695,42.105174],[-88.354694,42.105769],[-88.354693,42.106703],[-88.354693,42.107006],[-88.354689,42.110236],[-88.354682,42.110565],[-88.35468,42.110651],[-88.354685,42.113192],[-88.354685,42.113528],[-88.354594,42.114157],[-88.354593,42.114241],[-88.354756,42.114237],[-88.358166,42.114205],[-88.358594,42.114201],[-88.361969,42.114183],[-88.361967,42.114571],[-88.368607,42.114529],[-88.368588,42.116638],[-88.369355,42.11664],[-88.369381,42.117784],[-88.370092,42.117787],[-88.374047,42.117804],[-88.374264,42.117805],[-88.374252,42.119314],[-88.374233,42.121505],[-88.374226,42.1224],[-88.374204,42.12509],[-88.37416,42.129464],[-88.374156,42.129889],[-88.374151,42.130376],[-88.374132,42.132291],[-88.37424,42.132287],[-88.374735,42.132291],[-88.375037,42.132281],[-88.375874,42.132288],[-88.376666,42.132281],[-88.376814,42.13228],[-88.377402,42.132287],[-88.377735,42.132283],[-88.378403,42.132285],[-88.378554,42.132289],[-88.37868,42.1323],[-88.378777,42.132321],[-88.378859,42.132349],[-88.378954,42.132391],[-88.37902,42.132431],[-88.379079,42.132485],[-88.379126,42.132551],[-88.379146,42.13262],[-88.379151,42.132776],[-88.379126,42.1329],[-88.379085,42.132986],[-88.379065,42.133108],[-88.379039,42.133199],[-88.379034,42.133308],[-88.379057,42.133556],[-88.379057,42.133685],[-88.379073,42.13399],[-88.379086,42.134108],[-88.379076,42.134181],[-88.37906,42.134246],[-88.379063,42.134346],[-88.379084,42.134486],[-88.379086,42.13456],[-88.379071,42.134642],[-88.379076,42.134873],[-88.379084,42.134935],[-88.379086,42.135023],[-88.379079,42.135109],[-88.379112,42.135191],[-88.379123,42.135357],[-88.379133,42.135425],[-88.379148,42.13548],[-88.379253,42.135604],[-88.379299,42.135675],[-88.37934,42.135715],[-88.379397,42.135758],[-88.379445,42.135804],[-88.379466,42.135863],[-88.379489,42.135879],[-88.379558,42.13589],[-88.379668,42.135892],[-88.37974,42.13593],[-88.379784,42.135943],[-88.37995,42.135943],[-88.38006,42.135937],[-88.381036,42.135931],[-88.381517,42.135939],[-88.383099,42.135921],[-88.38366,42.135922],[-88.384677,42.135913],[-88.384644,42.139489],[-88.392407,42.13947],[-88.393134,42.139501],[-88.393484,42.139518],[-88.393477,42.141884],[-88.393446,42.144757],[-88.393462,42.146836],[-88.393463,42.146948],[-88.393482,42.150241],[-88.3935,42.153902],[-88.389853,42.15392],[-88.38898,42.153911],[-88.388803,42.153805],[-88.38876,42.153782],[-88.38475,42.151348],[-88.383818,42.150901],[-88.383735,42.150864],[-88.383589,42.150809],[-88.383275,42.150689],[-88.382612,42.150492],[-88.382308,42.150414],[-88.374041,42.148285],[-88.370312,42.147297],[-88.369411,42.146987],[-88.369434,42.152571],[-88.369432,42.152672],[-88.369405,42.153908],[-88.369403,42.154016],[-88.367715,42.154012],[-88.35929,42.154004],[-88.354416,42.154],[-88.354431,42.152439],[-88.354499,42.147176],[-88.3545,42.147049],[-88.3545,42.146979],[-88.352806,42.146988],[-88.350429,42.147005],[-88.350442,42.145457],[-88.350445,42.145185],[-88.346554,42.14521],[-88.346484,42.145211],[-88.345567,42.145217],[-88.345554,42.14474],[-88.345555,42.144709],[-88.345553,42.144671],[-88.345496,42.14467],[-88.3441,42.144652],[-88.343095,42.144639],[-88.343113,42.143426],[-88.340983,42.143438],[-88.340247,42.143445],[-88.338604,42.143468],[-88.338302,42.143471],[-88.337459,42.143479],[-88.336437,42.143485],[-88.335709,42.143478],[-88.33571,42.143417],[-88.335741,42.142662],[-88.335848,42.140056],[-88.335858,42.139813],[-88.333754,42.139801],[-88.333755,42.139411],[-88.333643,42.136569],[-88.335172,42.136612],[-88.335507,42.136622],[-88.335641,42.136626],[-88.335635,42.136435],[-88.335606,42.135566],[-88.335506,42.132704],[-88.335509,42.132538],[-88.335509,42.132512],[-88.333314,42.132485],[-88.331432,42.132442],[-88.330611,42.132401],[-88.330617,42.132605],[-88.330728,42.136036],[-88.326095,42.135915],[-88.322214,42.135804],[-88.320947,42.135776],[-88.320955,42.136089],[-88.320967,42.136562],[-88.32098,42.137062],[-88.320868,42.137064],[-88.319795,42.137036],[-88.319773,42.136016],[-88.319767,42.135731],[-88.318168,42.135688],[-88.316409,42.135642],[-88.316154,42.135635],[-88.315121,42.135636],[-88.315026,42.135632],[-88.314675,42.135634],[-88.312784,42.135648],[-88.311797,42.135655],[-88.311566,42.135667],[-88.311177,42.13567],[-88.311176,42.135785],[-88.311177,42.135969],[-88.311179,42.136128],[-88.31118,42.136211],[-88.311181,42.136296],[-88.311181,42.136329],[-88.311181,42.136366],[-88.311183,42.136573],[-88.311185,42.13692],[-88.311189,42.137323],[-88.311194,42.137656],[-88.311196,42.13782],[-88.3112,42.138218],[-88.311205,42.13865],[-88.311207,42.138851],[-88.311206,42.139054],[-88.311211,42.139226],[-88.311121,42.139225],[-88.311121,42.139263],[-88.311121,42.139522],[-88.31113,42.139812],[-88.311136,42.140135],[-88.311148,42.140639],[-88.311163,42.141126],[-88.311175,42.141814],[-88.311203,42.142924],[-88.311206,42.143068],[-88.311208,42.143171],[-88.311209,42.143227],[-88.311237,42.144473],[-88.311239,42.144822],[-88.311249,42.145108],[-88.311257,42.145492],[-88.311261,42.145677],[-88.311266,42.145898],[-88.311269,42.146115],[-88.311215,42.146139],[-88.311203,42.146153],[-88.311174,42.146197],[-88.311138,42.146271],[-88.311108,42.146292],[-88.311067,42.146296],[-88.311016,42.146256],[-88.310993,42.146243],[-88.310934,42.146241],[-88.310911,42.146258],[-88.310852,42.14637],[-88.310847,42.146435],[-88.310852,42.146464],[-88.310875,42.146483],[-88.31089,42.146515],[-88.310887,42.146548],[-88.310862,42.146576],[-88.310841,42.146634],[-88.310846,42.146702],[-88.310822,42.146814],[-88.310818,42.146864],[-88.310823,42.146908],[-88.310862,42.146963],[-88.310964,42.147038],[-88.310979,42.147068],[-88.310974,42.147171],[-88.31102,42.147192],[-88.311125,42.147285],[-88.311171,42.147337],[-88.311212,42.147451],[-88.311217,42.147621],[-88.311243,42.147659],[-88.311253,42.147689],[-88.311253,42.147725],[-88.311246,42.147763],[-88.31121,42.147809],[-88.311194,42.147855],[-88.311194,42.147882],[-88.311286,42.148],[-88.31132,42.148059],[-88.311325,42.148124],[-88.311297,42.148194],[-88.311251,42.148286],[-88.31124,42.148329],[-88.311222,42.148354],[-88.311189,42.148385],[-88.311166,42.148423],[-88.311163,42.148459],[-88.311207,42.148511],[-88.311299,42.148537],[-88.311402,42.148558],[-88.31145,42.148575],[-88.311483,42.148595],[-88.311499,42.148621],[-88.311496,42.148654],[-88.31148,42.148684],[-88.31145,42.148741],[-88.311381,42.148798],[-88.311366,42.148859],[-88.31135,42.148898],[-88.311327,42.148924],[-88.311294,42.148934],[-88.311255,42.148934],[-88.311197,42.148926],[-88.311153,42.148913],[-88.310956,42.148909],[-88.310912,42.148916],[-88.310866,42.148939],[-88.31083,42.148972],[-88.310805,42.149002],[-88.310766,42.149019],[-88.310725,42.149019],[-88.310695,42.149027],[-88.310638,42.149069],[-88.310544,42.149082],[-88.310497,42.149141],[-88.310485,42.149204],[-88.310474,42.149235],[-88.310454,42.149263],[-88.310444,42.149294],[-88.310485,42.149307],[-88.31051,42.149299],[-88.310549,42.149294],[-88.31061,42.149292],[-88.310646,42.149311],[-88.310718,42.149378],[-88.31072,42.149416],[-88.310679,42.149467],[-88.31063,42.149492],[-88.310587,42.149521],[-88.310536,42.149549],[-88.310497,42.149564],[-88.310428,42.149568],[-88.310372,42.149566],[-88.310331,42.149555],[-88.310305,42.149557],[-88.31028,42.149568],[-88.310218,42.149619],[-88.310182,42.149639],[-88.310131,42.149658],[-88.310087,42.149686],[-88.310052,42.149726],[-88.309944,42.149875],[-88.309908,42.149892],[-88.309824,42.149896],[-88.309775,42.149884],[-88.309749,42.149854],[-88.309721,42.149835],[-88.30968,42.149825],[-88.309647,42.149829],[-88.309583,42.149896],[-88.309555,42.149932],[-88.309547,42.149966],[-88.309675,42.150046],[-88.309767,42.150088],[-88.309836,42.150133],[-88.309847,42.150149],[-88.309841,42.150181],[-88.309811,42.150202],[-88.309116,42.150209],[-88.308921,42.150211],[-88.30863,42.150214],[-88.307251,42.150231],[-88.306445,42.15024],[-88.305796,42.150279],[-88.304651,42.150347],[-88.304478,42.150348],[-88.304465,42.15036],[-88.301532,42.150527],[-88.29881,42.150688],[-88.298737,42.150856],[-88.298632,42.150888],[-88.298515,42.150868],[-88.298343,42.15092],[-88.298207,42.15095],[-88.298106,42.1509],[-88.298019,42.150909],[-88.297992,42.150951],[-88.298,42.151028],[-88.297923,42.151107],[-88.298066,42.151265],[-88.29798,42.151278],[-88.29791,42.151324],[-88.297933,42.151388],[-88.297846,42.151462],[-88.297762,42.151468],[-88.297647,42.151376],[-88.29756,42.151361],[-88.297494,42.15141],[-88.297501,42.15146],[-88.297479,42.151475],[-88.297382,42.151452],[-88.297245,42.151422],[-88.297101,42.151324],[-88.296845,42.151319],[-88.296736,42.151508],[-88.296633,42.151517],[-88.296631,42.151549],[-88.296654,42.1516],[-88.296598,42.151642],[-88.296558,42.151748],[-88.296526,42.151765],[-88.29659,42.153475],[-88.295434,42.153465],[-88.295353,42.153244],[-88.295291,42.153073],[-88.295265,42.152992],[-88.2952,42.15279],[-88.294593,42.15278],[-88.293953,42.15277],[-88.293204,42.152759],[-88.293219,42.152645],[-88.293242,42.152606],[-88.293254,42.152519],[-88.293279,42.152449],[-88.29332,42.152391],[-88.293333,42.152334],[-88.293351,42.152282],[-88.293394,42.152244],[-88.29342,42.152205],[-88.293432,42.152162],[-88.293423,42.152125],[-88.293431,42.152089],[-88.293404,42.152056],[-88.293467,42.151939],[-88.293513,42.151874],[-88.293546,42.151817],[-88.293543,42.151768],[-88.293523,42.151738],[-88.293485,42.151709],[-88.293478,42.151685],[-88.293484,42.151649],[-88.293531,42.151589],[-88.293549,42.151495],[-88.293613,42.151476],[-88.293635,42.151456],[-88.293678,42.151368],[-88.293695,42.151311],[-88.293796,42.151236],[-88.29383,42.151166],[-88.293861,42.151002],[-88.293892,42.15094],[-88.293999,42.150815],[-88.29419,42.150676],[-88.29428,42.150589],[-88.294387,42.150533],[-88.294414,42.150504],[-88.294529,42.15042],[-88.294544,42.150387],[-88.29456,42.150312],[-88.294568,42.150197],[-88.294524,42.150091],[-88.294405,42.149924],[-88.294352,42.149867],[-88.294302,42.149832],[-88.294201,42.14981],[-88.294169,42.149797],[-88.294078,42.149723],[-88.294059,42.149692],[-88.294075,42.149643],[-88.294067,42.149607],[-88.29391,42.1494],[-88.293817,42.149312],[-88.293652,42.149171],[-88.293606,42.149065],[-88.293568,42.149026],[-88.293506,42.148992],[-88.293425,42.14897],[-88.293399,42.148942],[-88.293359,42.148925],[-88.293286,42.148913],[-88.293249,42.148854],[-88.293211,42.148811],[-88.293059,42.148716],[-88.292969,42.148672],[-88.292776,42.148622],[-88.292614,42.148612],[-88.29247,42.148623],[-88.292359,42.148615],[-88.292269,42.148594],[-88.292215,42.148599],[-88.292118,42.148626],[-88.291927,42.148712],[-88.291799,42.14875],[-88.291732,42.148759],[-88.291581,42.148754],[-88.29147,42.148745],[-88.291273,42.148745],[-88.291185,42.14874],[-88.291128,42.148746],[-88.291025,42.148732],[-88.291019,42.148707],[-88.291007,42.14869],[-88.290872,42.148695],[-88.290747,42.148709],[-88.290621,42.148691],[-88.290597,42.148676],[-88.290486,42.148655],[-88.290389,42.148606],[-88.29035,42.14858],[-88.290313,42.148571],[-88.290289,42.148557],[-88.290255,42.148501],[-88.290133,42.148359],[-88.289968,42.148119],[-88.28994,42.148054],[-88.289906,42.147903],[-88.289898,42.147783],[-88.28995,42.147634],[-88.289962,42.147583],[-88.289957,42.14755],[-88.289981,42.147508],[-88.289999,42.147454],[-88.28999,42.147391],[-88.290021,42.147292],[-88.290021,42.147254],[-88.289986,42.147164],[-88.289923,42.147088],[-88.289866,42.146996],[-88.28963,42.146788],[-88.289561,42.14674],[-88.289513,42.146682],[-88.289475,42.146604],[-88.289474,42.146515],[-88.289462,42.146483],[-88.289461,42.146455],[-88.289365,42.146313],[-88.289316,42.146269],[-88.289021,42.146111],[-88.288821,42.146017],[-88.288651,42.145949],[-88.288444,42.145892],[-88.287672,42.14571],[-88.287443,42.145666],[-88.287193,42.145641],[-88.286938,42.145636],[-88.28681,42.145625],[-88.286689,42.145597],[-88.286527,42.14554],[-88.286314,42.145453],[-88.286102,42.145349],[-88.285939,42.145249],[-88.285269,42.144967],[-88.28521,42.144893],[-88.285034,42.144758],[-88.284876,42.144662],[-88.284754,42.144552],[-88.284393,42.144182],[-88.284211,42.14401],[-88.284087,42.143868],[-88.283899,42.143618],[-88.283745,42.143368],[-88.283609,42.143119],[-88.283536,42.143016],[-88.283507,42.142964],[-88.283522,42.142923],[-88.283523,42.142899],[-88.283407,42.142718],[-88.283269,42.142423],[-88.283183,42.14231],[-88.282884,42.141987],[-88.282803,42.14191],[-88.28248,42.141674],[-88.282422,42.141626],[-88.28219,42.141482],[-88.282163,42.141452],[-88.282086,42.141385],[-88.282006,42.141302],[-88.281852,42.141208],[-88.281821,42.141181],[-88.2818,42.14115],[-88.281791,42.141055],[-88.28178,42.141014],[-88.281734,42.140982],[-88.281701,42.140971],[-88.281626,42.14097],[-88.281529,42.140951],[-88.281291,42.140813],[-88.281255,42.140797],[-88.281149,42.140709],[-88.281029,42.140568],[-88.280901,42.14046],[-88.280787,42.140331],[-88.280724,42.140234],[-88.280647,42.140098],[-88.280553,42.139955],[-88.280523,42.139892],[-88.280509,42.139824],[-88.279866,42.139821],[-88.279709,42.139658],[-88.279275,42.138435],[-88.277387,42.137293],[-88.277151,42.137384],[-88.276777,42.137497],[-88.276554,42.137552],[-88.276445,42.137555],[-88.276208,42.137619],[-88.27645,42.138033],[-88.276591,42.138256],[-88.276693,42.138404],[-88.277002,42.138862],[-88.277076,42.138991],[-88.277139,42.139155],[-88.277178,42.139276],[-88.277219,42.139517],[-88.275461,42.139519],[-88.27534,42.139511],[-88.275203,42.139488],[-88.275027,42.139429],[-88.274766,42.139317],[-88.274546,42.13923],[-88.274122,42.139051],[-88.273697,42.138855],[-88.273498,42.13877],[-88.27329,42.13871],[-88.273076,42.138687],[-88.272574,42.138684],[-88.2708,42.13869],[-88.270126,42.1387],[-88.270063,42.138696],[-88.269676,42.138671],[-88.269302,42.138743],[-88.269049,42.138841],[-88.268862,42.138992],[-88.268412,42.139367],[-88.268241,42.139456],[-88.26807,42.139505],[-88.267837,42.139531],[-88.267573,42.139531],[-88.267604,42.139644],[-88.267604,42.139838],[-88.267605,42.140196],[-88.267605,42.141017],[-88.267563,42.14336],[-88.267506,42.146377],[-88.267488,42.146734],[-88.267477,42.146849],[-88.267516,42.146849],[-88.267515,42.147162],[-88.267512,42.147994],[-88.267498,42.148528],[-88.267498,42.148553],[-88.265795,42.148569],[-88.265111,42.148574],[-88.264958,42.148577],[-88.264264,42.148591],[-88.264153,42.148593],[-88.263444,42.148607],[-88.259926,42.148676],[-88.259377,42.148687],[-88.259378,42.148784],[-88.257722,42.148801],[-88.257597,42.148802],[-88.257602,42.148954],[-88.257635,42.150069],[-88.25767,42.151215],[-88.257689,42.154073],[-88.257734,42.154079],[-88.257725,42.154198],[-88.257712,42.154501],[-88.257673,42.155034],[-88.257671,42.155079],[-88.257648,42.155732],[-88.257637,42.156717],[-88.25761,42.15803],[-88.257604,42.158339],[-88.257589,42.159014],[-88.257581,42.159338],[-88.257572,42.159567],[-88.257534,42.160613],[-88.257517,42.161225],[-88.257513,42.161403],[-88.257503,42.161779],[-88.257494,42.162323],[-88.257485,42.162899],[-88.257476,42.16393],[-88.257476,42.163957],[-88.257477,42.164502],[-88.257477,42.164761],[-88.257477,42.164784],[-88.257701,42.16478],[-88.258511,42.16477],[-88.258883,42.164767],[-88.259252,42.164766],[-88.259805,42.164769],[-88.259893,42.16477],[-88.259893,42.1648],[-88.260005,42.164801],[-88.260136,42.164801],[-88.260245,42.164801],[-88.26054,42.164803],[-88.260783,42.164803],[-88.26105,42.164804],[-88.261497,42.164806],[-88.261739,42.164807],[-88.261799,42.164807],[-88.261885,42.164808],[-88.261944,42.164808],[-88.261942,42.164951],[-88.261941,42.165053],[-88.26194,42.165154],[-88.261939,42.165235],[-88.261937,42.165386],[-88.261934,42.165575],[-88.261932,42.16573],[-88.261928,42.166049],[-88.261923,42.166428],[-88.261919,42.166734],[-88.261916,42.166907],[-88.261916,42.166931],[-88.261893,42.166929],[-88.261893,42.16719],[-88.261988,42.167191],[-88.261991,42.16808],[-88.261991,42.168464],[-88.261991,42.168575],[-88.261821,42.168576],[-88.261701,42.168576],[-88.260715,42.16858],[-88.259951,42.168578],[-88.259127,42.168581],[-88.258578,42.168577],[-88.257996,42.168573],[-88.257538,42.168586],[-88.257538,42.168666],[-88.257541,42.169],[-88.257536,42.170026],[-88.257533,42.171013],[-88.257536,42.172277],[-88.257537,42.172385],[-88.257511,42.174381],[-88.25751,42.174452],[-88.257509,42.174578],[-88.257502,42.175787],[-88.256304,42.175808],[-88.25295,42.175867],[-88.252713,42.17587],[-88.251516,42.175889],[-88.251458,42.175889],[-88.251287,42.175891],[-88.25123,42.175893],[-88.251191,42.175894],[-88.250068,42.175911],[-88.249637,42.175919],[-88.24854,42.17594],[-88.247382,42.175951],[-88.246219,42.175978],[-88.244858,42.176014],[-88.244468,42.176025],[-88.243266,42.176047],[-88.242937,42.176053],[-88.243047,42.182775],[-88.243056,42.183375],[-88.243464,42.183377],[-88.245169,42.183351],[-88.245476,42.183347],[-88.245478,42.183642],[-88.245499,42.186755],[-88.245189,42.18676],[-88.245121,42.186762],[-88.244912,42.186768],[-88.244508,42.186781],[-88.244368,42.18679],[-88.244195,42.186803],[-88.243696,42.186849],[-88.243368,42.186876],[-88.243258,42.186882],[-88.243077,42.186892],[-88.242674,42.186906],[-88.242294,42.186916],[-88.241941,42.186921],[-88.241503,42.186928],[-88.240894,42.186938],[-88.239606,42.186948],[-88.239339,42.186953],[-88.239072,42.186942],[-88.23892,42.186929],[-88.23871,42.186889],[-88.238428,42.186822],[-88.238288,42.186784],[-88.238165,42.186748],[-88.238061,42.186715],[-88.237673,42.186628],[-88.237478,42.186591],[-88.236563,42.186401],[-88.236362,42.186359],[-88.234829,42.18606],[-88.234792,42.186055],[-88.234682,42.186049],[-88.234573,42.186057],[-88.234517,42.186068],[-88.234467,42.186079],[-88.234368,42.186115],[-88.234302,42.186155],[-88.234254,42.186195],[-88.233868,42.186559],[-88.233668,42.186749],[-88.233509,42.186894],[-88.233033,42.187332],[-88.232875,42.187478],[-88.232769,42.187575],[-88.232668,42.187654],[-88.232598,42.187709],[-88.232426,42.187819],[-88.232242,42.187918],[-88.231976,42.188039],[-88.231956,42.188045],[-88.231863,42.188078],[-88.231745,42.188106],[-88.231693,42.18811],[-88.231659,42.188113],[-88.231572,42.188105],[-88.23149,42.188084],[-88.231304,42.188003],[-88.231235,42.187966],[-88.23105,42.18787],[-88.231011,42.18785],[-88.23086,42.187777],[-88.230694,42.187719],[-88.230498,42.187667],[-88.230429,42.187649],[-88.230241,42.187613],[-88.23005,42.187588],[-88.229858,42.187576],[-88.229844,42.187576],[-88.229665,42.187578],[-88.229473,42.187595],[-88.229361,42.187618],[-88.22914,42.187664],[-88.22889,42.187716],[-88.228775,42.187729],[-88.228717,42.187732],[-88.228568,42.187726],[-88.228421,42.187704],[-88.228041,42.187602],[-88.225786,42.186942],[-88.225486,42.186843],[-88.225194,42.186729],[-88.224986,42.186638],[-88.224068,42.186197],[-88.223879,42.186107],[-88.223382,42.185869],[-88.222453,42.185411],[-88.221392,42.184879],[-88.221273,42.18482],[-88.220664,42.184509],[-88.220534,42.184445],[-88.220462,42.18441],[-88.220357,42.184359],[-88.220359,42.184634],[-88.220368,42.185444],[-88.22038,42.18635],[-88.220386,42.186731],[-88.219,42.186717],[-88.219004,42.186867],[-88.214222,42.186869],[-88.214221,42.186911],[-88.21414,42.1904],[-88.214137,42.1905],[-88.213065,42.190506],[-88.209655,42.190528],[-88.209549,42.190529],[-88.209202,42.190541],[-88.207922,42.190539],[-88.206915,42.190546],[-88.206835,42.190512],[-88.206822,42.190396],[-88.206808,42.190268],[-88.206784,42.190268],[-88.206776,42.190555],[-88.20648,42.190555],[-88.205754,42.190556],[-88.205566,42.190555],[-88.205311,42.190555],[-88.205025,42.190558],[-88.204708,42.19056],[-88.20442,42.190408],[-88.204113,42.190246],[-88.203945,42.190161],[-88.203411,42.189903],[-88.202543,42.189532],[-88.201821,42.189238],[-88.201208,42.188996],[-88.200433,42.188655],[-88.199578,42.188246],[-88.19951,42.188215],[-88.199491,42.190472],[-88.19949,42.190654],[-88.199486,42.191172],[-88.199485,42.191244],[-88.199483,42.191424],[-88.199479,42.191878],[-88.199479,42.19192],[-88.199475,42.192458],[-88.199473,42.192604],[-88.199472,42.192651],[-88.199473,42.192713],[-88.199472,42.192765],[-88.199472,42.192832],[-88.199467,42.193402],[-88.199466,42.193554],[-88.199461,42.19418],[-88.19887,42.194182],[-88.19813,42.194184],[-88.196843,42.194189],[-88.196773,42.19419],[-88.196679,42.19419],[-88.196474,42.194191],[-88.196224,42.194192],[-88.194443,42.194196],[-88.19438,42.194196],[-88.194356,42.194196],[-88.19024,42.194205],[-88.189626,42.194195],[-88.189562,42.194194],[-88.189557,42.194338],[-88.189512,42.197881],[-88.196349,42.197764],[-88.197642,42.197745],[-88.198499,42.197733],[-88.199431,42.197723],[-88.199958,42.197729],[-88.201283,42.197735],[-88.201224,42.199406],[-88.201136,42.202044],[-88.200897,42.202121],[-88.200797,42.202154],[-88.200479,42.202297],[-88.200251,42.202335],[-88.20011,42.202363],[-88.199867,42.202368],[-88.199775,42.202379],[-88.199391,42.202432],[-88.199391,42.202478],[-88.199378,42.202966],[-88.198811,42.203134],[-88.197552,42.203236],[-88.195918,42.203652],[-88.19569,42.203766],[-88.194992,42.204118],[-88.194439,42.204791],[-88.194407,42.205715],[-88.194645,42.206509],[-88.19488,42.207028],[-88.194899,42.207072],[-88.194931,42.207141],[-88.195073,42.207143],[-88.195201,42.2075],[-88.19512,42.208377],[-88.19461,42.209482],[-88.194206,42.210186],[-88.193462,42.211098],[-88.193019,42.211893],[-88.192689,42.212605],[-88.19259,42.212688],[-88.192555,42.212727],[-88.192489,42.212766],[-88.192416,42.212806],[-88.192343,42.212846],[-88.192252,42.212902],[-88.19221,42.212933],[-88.192157,42.212983],[-88.192105,42.213059],[-88.192085,42.2131],[-88.192036,42.21323],[-88.191999,42.213314],[-88.191947,42.213393],[-88.191831,42.213521],[-88.191756,42.213588],[-88.191655,42.213668],[-88.191552,42.213747],[-88.191453,42.213829],[-88.191324,42.213949],[-88.191249,42.214017],[-88.191064,42.214159],[-88.190932,42.214247],[-88.190825,42.214323],[-88.190726,42.214404],[-88.190619,42.214508],[-88.190483,42.214653],[-88.190399,42.214743],[-88.190334,42.214817],[-88.190254,42.214909],[-88.190176,42.214991],[-88.189786,42.21499],[-88.189604,42.21499],[-88.189359,42.21531],[-88.18878,42.216066],[-88.188404,42.217225],[-88.187537,42.218546],[-88.186754,42.219369],[-88.185386,42.220231],[-88.183764,42.220622],[-88.181141,42.220934],[-88.180999,42.220951],[-88.180083,42.221131],[-88.179309,42.221176],[-88.178948,42.221172],[-88.178529,42.22113],[-88.178176,42.221034],[-88.178044,42.220998],[-88.17802,42.220986],[-88.177834,42.221061],[-88.177184,42.221604],[-88.176817,42.221733],[-88.175975,42.222513],[-88.175975,42.223607],[-88.176028,42.223841],[-88.176126,42.224278],[-88.176532,42.225556],[-88.177298,42.226916],[-88.177587,42.227306],[-88.178129,42.228039],[-88.177551,42.228862],[-88.177663,42.228976],[-88.177795,42.229166],[-88.177919,42.229357],[-88.178016,42.229491],[-88.178073,42.229605],[-88.178198,42.229654],[-88.178341,42.229757],[-88.178476,42.229855],[-88.178541,42.22994],[-88.178649,42.230022],[-88.178792,42.230132],[-88.179024,42.230411],[-88.179375,42.230845],[-88.179375,42.231008],[-88.179163,42.231006],[-88.181236,42.232829],[-88.181874,42.233454],[-88.182716,42.235329],[-88.185271,42.237152],[-88.186012,42.238034],[-88.186298,42.237994],[-88.186936,42.237858],[-88.187663,42.2376],[-88.188546,42.237142],[-88.189891,42.236668],[-88.191157,42.23653],[-88.192368,42.236526],[-88.194843,42.236627],[-88.197054,42.236642],[-88.198831,42.236654],[-88.19878,42.236993],[-88.198777,42.237013],[-88.198824,42.236995],[-88.198885,42.236972],[-88.198906,42.236968],[-88.198957,42.236957],[-88.199058,42.236944],[-88.19911,42.236952],[-88.199181,42.236947],[-88.199338,42.236934],[-88.199701,42.236905],[-88.199843,42.236852],[-88.200093,42.236856],[-88.200239,42.236909],[-88.200294,42.236909],[-88.20047,42.236911],[-88.20056,42.236912],[-88.200796,42.236932],[-88.201125,42.236966],[-88.201228,42.237009],[-88.201388,42.237055],[-88.201468,42.237092],[-88.201625,42.237101],[-88.201757,42.237109],[-88.201811,42.237195],[-88.201842,42.237248],[-88.201979,42.237301],[-88.202065,42.23731],[-88.202158,42.237321],[-88.202278,42.237334],[-88.20236,42.237361],[-88.202442,42.237387],[-88.202509,42.23742],[-88.202597,42.237502],[-88.202616,42.23752],[-88.202602,42.237592],[-88.202785,42.237645],[-88.202827,42.237654],[-88.2029,42.237669],[-88.203084,42.237763],[-88.203177,42.23781],[-88.203406,42.237935],[-88.203408,42.238001],[-88.203708,42.238072],[-88.203762,42.238086],[-88.203832,42.238072],[-88.204061,42.238119],[-88.204206,42.237859],[-88.204243,42.237797],[-88.204354,42.237797],[-88.204847,42.237797],[-88.205143,42.237822],[-88.205476,42.237871],[-88.206068,42.237982],[-88.206586,42.238105],[-88.207064,42.238258],[-88.207285,42.238307],[-88.207309,42.238315],[-88.207457,42.238361],[-88.207566,42.238395],[-88.207718,42.238462],[-88.20784,42.238516],[-88.208076,42.238648],[-88.208335,42.238785],[-88.208564,42.238944],[-88.208635,42.239005],[-88.208712,42.23907],[-88.208725,42.239084],[-88.20871,42.23916],[-88.208691,42.239268],[-88.208637,42.239576],[-88.208596,42.239809],[-88.208638,42.239784],[-88.209052,42.240212],[-88.209392,42.240624],[-88.209666,42.241008],[-88.209862,42.241209],[-88.20988,42.241227],[-88.209917,42.241238],[-88.210042,42.241403],[-88.210281,42.241605],[-88.210308,42.241628],[-88.210388,42.241716],[-88.210538,42.24188],[-88.210818,42.242155],[-88.210826,42.242188],[-88.210907,42.242259],[-88.210989,42.242429],[-88.211026,42.242457],[-88.21107,42.242781],[-88.211063,42.242863],[-88.211159,42.242984],[-88.21121,42.243017],[-88.211203,42.243088],[-88.211137,42.243176],[-88.211122,42.243269],[-88.211122,42.24337],[-88.211122,42.243494],[-88.211159,42.243615],[-88.211351,42.243807],[-88.211395,42.243933],[-88.211381,42.244329],[-88.21127,42.244702],[-88.211204,42.24485],[-88.211086,42.244955],[-88.210968,42.244998],[-88.211064,42.245103],[-88.211041,42.245169],[-88.21096,42.245158],[-88.210879,42.245119],[-88.210812,42.245103],[-88.210761,42.245125],[-88.210716,42.245185],[-88.21034,42.245246],[-88.210269,42.245249],[-88.210304,42.245285],[-88.210372,42.245356],[-88.209809,42.24577],[-88.20991,42.24585],[-88.209742,42.246056],[-88.209575,42.246262],[-88.209534,42.246312],[-88.209407,42.246468],[-88.209322,42.246455],[-88.209045,42.246681],[-88.208913,42.246659],[-88.208517,42.246596],[-88.208385,42.246575],[-88.208213,42.246586],[-88.208002,42.2466],[-88.208007,42.246928],[-88.208011,42.247136],[-88.208036,42.248753],[-88.208272,42.248751],[-88.208502,42.24875],[-88.208982,42.248743],[-88.209087,42.248742],[-88.209154,42.248734],[-88.209215,42.248714],[-88.209268,42.248682],[-88.209308,42.248642],[-88.209333,42.248595],[-88.209349,42.248481],[-88.209367,42.24836],[-88.209397,42.248168],[-88.209455,42.247946],[-88.2096,42.247498],[-88.20971,42.247186],[-88.209753,42.247067],[-88.209811,42.24694],[-88.209881,42.246816],[-88.209964,42.246697],[-88.210141,42.246487],[-88.210287,42.24634],[-88.210449,42.246203],[-88.210616,42.246087],[-88.211041,42.245795],[-88.211314,42.245617],[-88.211502,42.245516],[-88.211586,42.24548],[-88.211748,42.2454],[-88.211867,42.245331],[-88.211974,42.245251],[-88.212074,42.245156],[-88.212156,42.245052],[-88.21222,42.24494],[-88.212251,42.24486],[-88.212303,42.244696],[-88.212443,42.244078],[-88.21248,42.243958],[-88.212528,42.243853],[-88.212538,42.243832],[-88.21262,42.243702],[-88.212766,42.243526],[-88.213182,42.243062],[-88.213194,42.243054],[-88.213215,42.243033],[-88.213263,42.242987],[-88.213281,42.242971],[-88.213304,42.242952],[-88.213598,42.243116],[-88.213668,42.243245],[-88.213754,42.243401],[-88.21383,42.243793],[-88.21384,42.244187],[-88.213609,42.244607],[-88.213398,42.245043],[-88.21234,42.245661],[-88.21068,42.246608],[-88.210327,42.247046],[-88.210059,42.24738],[-88.20986,42.247928],[-88.209801,42.248574],[-88.209882,42.249123],[-88.210017,42.249639],[-88.210201,42.250094],[-88.210204,42.250103],[-88.210522,42.250426],[-88.210643,42.250513],[-88.213277,42.251852],[-88.213312,42.252349],[-88.21334,42.252753],[-88.213272,42.25264],[-88.213176,42.252503],[-88.212851,42.252239],[-88.211654,42.251482],[-88.211528,42.251378],[-88.211476,42.251372],[-88.211232,42.251169],[-88.210737,42.250812],[-88.2107,42.250807],[-88.210375,42.250615],[-88.21022,42.250576],[-88.210156,42.250587],[-88.210065,42.250604],[-88.209585,42.250961],[-88.209156,42.250878],[-88.208964,42.250736],[-88.20886,42.250719],[-88.209164,42.251323],[-88.209119,42.251433],[-88.209215,42.251576],[-88.209208,42.251631],[-88.209082,42.25168],[-88.208802,42.251669],[-88.208713,42.251697],[-88.208639,42.251686],[-88.208587,42.251647],[-88.208324,42.251628],[-88.208088,42.251779],[-88.208093,42.252437],[-88.208162,42.256075],[-88.208045,42.256074],[-88.207147,42.256071],[-88.207007,42.256071],[-88.203553,42.256058],[-88.203223,42.256057],[-88.203211,42.253108],[-88.203203,42.252469],[-88.203095,42.252468],[-88.203092,42.252505],[-88.203096,42.253609],[-88.202283,42.253613],[-88.20228,42.252504],[-88.202281,42.252466],[-88.202062,42.252466],[-88.201692,42.252466],[-88.201522,42.252466],[-88.201229,42.252466],[-88.201034,42.252466],[-88.200709,42.252466],[-88.200452,42.252466],[-88.200258,42.252466],[-88.200061,42.252466],[-88.19947,42.252466],[-88.199273,42.252466],[-88.19917,42.252466],[-88.198861,42.252466],[-88.198758,42.252466],[-88.198327,42.252468],[-88.19831,42.252469],[-88.19831,42.253344],[-88.19832,42.255626],[-88.198319,42.255771],[-88.19832,42.256135],[-88.193469,42.256083],[-88.193483,42.255438],[-88.19346,42.25496],[-88.193415,42.248742],[-88.194333,42.248751],[-88.194474,42.248752],[-88.194513,42.24863],[-88.194487,42.248625],[-88.194163,42.248548],[-88.193138,42.248305],[-88.192782,42.24822],[-88.191932,42.248018],[-88.191482,42.247929],[-88.191064,42.247867],[-88.190677,42.247841],[-88.190235,42.247845],[-88.189775,42.247878],[-88.189321,42.247944],[-88.188733,42.24808],[-88.188693,42.248094],[-88.188616,42.248122],[-88.188551,42.248145],[-88.188553,42.248243],[-88.188458,42.248276],[-88.18846,42.248291],[-88.188464,42.248322],[-88.188475,42.248399],[-88.188483,42.248655],[-88.188495,42.248692],[-88.1889,42.248691],[-88.189413,42.248701],[-88.191264,42.24872],[-88.191294,42.248741],[-88.191321,42.248764],[-88.191347,42.24879],[-88.191372,42.248821],[-88.191391,42.24885],[-88.191425,42.248884],[-88.191422,42.24893],[-88.191557,42.251552],[-88.191533,42.251545],[-88.191514,42.251548],[-88.191385,42.251545],[-88.191392,42.251779],[-88.191407,42.252275],[-88.191392,42.252275],[-88.191399,42.252413],[-88.191221,42.252415],[-88.190851,42.252419],[-88.189172,42.252544],[-88.189182,42.252829],[-88.188676,42.252754],[-88.188091,42.252559],[-88.187072,42.252179],[-88.18706,42.25122],[-88.185737,42.251222],[-88.185735,42.251014],[-88.185598,42.250975],[-88.185851,42.250477],[-88.185949,42.250288],[-88.186102,42.250013],[-88.186213,42.249814],[-88.18641,42.249552],[-88.186497,42.249455],[-88.18659,42.249352],[-88.186915,42.249061],[-88.186954,42.249026],[-88.187166,42.248839],[-88.187199,42.248817],[-88.187399,42.248688],[-88.187656,42.248525],[-88.188234,42.248259],[-88.188445,42.248183],[-88.188427,42.248028],[-88.188471,42.24768],[-88.188448,42.246995],[-88.18842,42.246675],[-88.188466,42.246131],[-88.188448,42.245918],[-88.188441,42.245672],[-88.18835,42.245438],[-88.188392,42.245281],[-88.188369,42.245217],[-88.188275,42.24518],[-88.188072,42.245164],[-88.187154,42.245134],[-88.186912,42.245155],[-88.186284,42.24513],[-88.186076,42.245138],[-88.186073,42.245067],[-88.185735,42.245052],[-88.185424,42.245056],[-88.18534,42.245057],[-88.185078,42.245052],[-88.184858,42.245056],[-88.18482,42.245057],[-88.184049,42.245054],[-88.183879,42.245043],[-88.183638,42.245158],[-88.183562,42.245303],[-88.183553,42.24545],[-88.183592,42.24578],[-88.1836,42.245916],[-88.183578,42.246054],[-88.183618,42.247019],[-88.183617,42.24733],[-88.183629,42.247662],[-88.183648,42.247902],[-88.183625,42.248047],[-88.183572,42.248253],[-88.183509,42.248363],[-88.183435,42.248443],[-88.183339,42.248526],[-88.18326,42.24858],[-88.183156,42.248634],[-88.183072,42.248647],[-88.182934,42.248657],[-88.182228,42.248652],[-88.182011,42.248642],[-88.181859,42.248641],[-88.181602,42.24864],[-88.181411,42.248654],[-88.18112,42.248661],[-88.180851,42.248639],[-88.18059,42.248634],[-88.180104,42.248625],[-88.180022,42.248642],[-88.179861,42.248625],[-88.179353,42.248638],[-88.179171,42.248631],[-88.178932,42.248635],[-88.178828,42.248632],[-88.178766,42.248642],[-88.178746,42.247009],[-88.17871,42.244029],[-88.17844,42.244036],[-88.176744,42.244024],[-88.176124,42.244034],[-88.176101,42.241426],[-88.170321,42.241467],[-88.168944,42.241449],[-88.168917,42.243221],[-88.165177,42.243198],[-88.165019,42.243623],[-88.161764,42.243614],[-88.159575,42.243614],[-88.159566,42.242872],[-88.159537,42.241371],[-88.15936,42.241362],[-88.159223,42.241355],[-88.1591,42.241353],[-88.157979,42.241332],[-88.155927,42.241294],[-88.155776,42.241293],[-88.154915,42.24129],[-88.154349,42.241288],[-88.153039,42.241286],[-88.152961,42.241289],[-88.152684,42.241302],[-88.149773,42.241314],[-88.144107,42.241345],[-88.141782,42.24129],[-88.139879,42.241231],[-88.139788,42.24125],[-88.139459,42.241271],[-88.139206,42.241263],[-88.138838,42.241251],[-88.137746,42.241278],[-88.13748,42.241273],[-88.136017,42.241209],[-88.130923,42.241166],[-88.13063,42.241162],[-88.128779,42.241123],[-88.128812,42.241267],[-88.128855,42.241453],[-88.128862,42.241714],[-88.128842,42.241971],[-88.128761,42.242217],[-88.128652,42.242544],[-88.128,42.244455],[-88.127438,42.24601],[-88.125634,42.245516],[-88.12501,42.245329],[-88.124524,42.245192],[-88.12384,42.244967],[-88.123303,42.24478],[-88.122658,42.244525],[-88.122161,42.244316],[-88.121661,42.244096],[-88.121175,42.243865],[-88.120848,42.2437],[-88.120324,42.243435],[-88.120365,42.241773],[-88.12037,42.24157],[-88.120379,42.241227],[-88.120379,42.241023],[-88.1202,42.241023],[-88.118706,42.241023],[-88.117898,42.241042],[-88.117798,42.240979],[-88.117802,42.240478],[-88.117805,42.239313],[-88.117976,42.239315],[-88.118256,42.239317],[-88.118594,42.23932],[-88.118594,42.239274],[-88.118595,42.239095],[-88.1186,42.23863],[-88.118638,42.238455],[-88.118763,42.238091],[-88.118794,42.237902],[-88.118802,42.237709],[-88.118765,42.237479],[-88.118714,42.237356],[-88.118477,42.237002],[-88.118379,42.236838],[-88.118315,42.236729],[-88.118295,42.236676],[-88.116802,42.237038],[-88.116947,42.237463],[-88.116094,42.237462],[-88.11527,42.236228],[-88.115076,42.236282],[-88.114908,42.236309],[-88.114737,42.236316],[-88.114441,42.236289],[-88.114369,42.236275],[-88.114338,42.236269],[-88.11384,42.237459],[-88.113262,42.237458],[-88.112853,42.237459],[-88.11273,42.237238],[-88.112545,42.236903],[-88.112346,42.236484],[-88.112181,42.236075],[-88.112067,42.235762],[-88.112056,42.235727],[-88.111936,42.235333],[-88.11183,42.234904],[-88.111748,42.234468],[-88.111703,42.23414],[-88.111677,42.233849],[-88.111658,42.23363],[-88.111647,42.229664],[-88.111644,42.228379],[-88.111639,42.225221],[-88.111637,42.224124],[-88.111632,42.22083],[-88.111641,42.218161],[-88.111642,42.217762],[-88.111642,42.217312],[-88.111648,42.215823],[-88.111648,42.21581],[-88.111648,42.215745],[-88.111651,42.214817],[-88.111653,42.214168],[-88.111653,42.214108],[-88.111656,42.213237],[-88.111657,42.213082],[-88.111658,42.212723],[-88.11166,42.21205],[-88.111661,42.211672],[-88.111936,42.211657],[-88.111936,42.211625],[-88.111941,42.21158],[-88.112358,42.211575],[-88.112691,42.211566],[-88.112949,42.211486],[-88.113261,42.211328],[-88.113607,42.21126],[-88.114056,42.21134],[-88.114376,42.211343],[-88.114459,42.211255],[-88.114674,42.211156],[-88.115176,42.211069],[-88.115379,42.21111],[-88.115401,42.211088],[-88.115446,42.211041],[-88.115455,42.211004],[-88.115483,42.210889],[-88.115544,42.210761],[-88.115681,42.210686],[-88.115773,42.210635],[-88.115801,42.210633],[-88.116019,42.210616],[-88.116087,42.210731],[-88.116099,42.210762],[-88.116153,42.21089],[-88.116177,42.210958],[-88.116483,42.210961],[-88.116484,42.210757],[-88.116491,42.209835],[-88.114066,42.209817],[-88.114067,42.208687],[-88.114087,42.206796],[-88.114087,42.204851],[-88.120536,42.204881],[-88.120568,42.204881],[-88.120541,42.20459],[-88.120547,42.20435],[-88.120639,42.200785],[-88.120718,42.197719],[-88.120669,42.19772],[-88.12043,42.197662],[-88.120042,42.197659],[-88.117494,42.19765],[-88.116884,42.197642],[-88.116311,42.197634],[-88.1163,42.19404],[-88.116291,42.190547],[-88.116289,42.190435],[-88.116251,42.18948],[-88.116266,42.185956],[-88.116635,42.18596],[-88.116977,42.185961],[-88.117516,42.185965],[-88.117456,42.185556],[-88.117313,42.184535],[-88.117235,42.184532],[-88.116692,42.184532],[-88.113841,42.184515],[-88.113837,42.184943],[-88.112295,42.184936],[-88.111399,42.18493],[-88.111409,42.183442],[-88.111393,42.183101],[-88.111269,42.183099],[-88.110589,42.183097],[-88.108195,42.183085],[-88.106604,42.183077],[-88.106262,42.183076],[-88.103961,42.183064],[-88.105209,42.181791],[-88.106561,42.180411],[-88.107864,42.17908],[-88.109363,42.17755],[-88.11099,42.175888],[-88.110746,42.175885],[-88.109382,42.177279],[-88.107125,42.179587],[-88.104343,42.182432],[-88.103696,42.183083],[-88.101652,42.182982],[-88.101652,42.183064],[-88.096423,42.18303],[-88.092071,42.183015],[-88.092068,42.182636],[-88.092015,42.175748],[-88.091891,42.175747],[-88.091784,42.175747],[-88.091168,42.175743],[-88.089692,42.175733],[-88.087948,42.175711],[-88.087877,42.17571],[-88.087798,42.175709],[-88.087798,42.176192],[-88.087274,42.176188],[-88.087152,42.176184],[-88.08715,42.175701],[-88.087137,42.172076],[-88.08651,42.172071],[-88.085924,42.172065],[-88.084704,42.172054],[-88.083793,42.172053],[-88.082921,42.172045],[-88.082346,42.172034],[-88.082346,42.171194],[-88.082347,42.170938],[-88.082347,42.170216],[-88.082347,42.170192],[-88.082348,42.170003],[-88.08235,42.168822],[-88.08235,42.168714],[-88.082325,42.168586],[-88.082268,42.168485],[-88.082222,42.168439],[-88.082166,42.168408],[-88.081941,42.168403],[-88.076723,42.168376],[-88.073039,42.168377],[-88.072514,42.168375],[-88.072519,42.166563],[-88.072523,42.166376],[-88.072524,42.166085],[-88.072519,42.165677],[-88.072527,42.165577],[-88.072041,42.165578],[-88.072041,42.165659],[-88.071585,42.165659],[-88.07147,42.165649],[-88.071368,42.165641],[-88.071267,42.16564],[-88.070922,42.165655],[-88.069636,42.16566],[-88.069605,42.16566],[-88.069601,42.165211],[-88.069598,42.164751],[-88.06765,42.164748],[-88.067663,42.162919],[-88.062984,42.162912],[-88.062823,42.162912],[-88.062809,42.163909],[-88.062797,42.16474],[-88.061655,42.164737],[-88.061644,42.164884],[-88.061624,42.165128],[-88.061595,42.16549],[-88.06143,42.165724],[-88.0614,42.165713],[-88.057412,42.164209],[-88.057386,42.164199],[-88.056706,42.163942],[-88.056263,42.163769],[-88.055631,42.1635],[-88.055207,42.163307],[-88.054501,42.162987],[-88.053495,42.162489],[-88.053191,42.162336],[-88.053064,42.162272],[-88.052286,42.16188],[-88.05173,42.1616],[-88.050604,42.161036],[-88.050402,42.160934],[-88.050291,42.160878],[-88.050071,42.160767],[-88.049446,42.160452],[-88.049176,42.160316],[-88.049102,42.160278],[-88.048825,42.160139],[-88.048211,42.159828],[-88.04821,42.15995],[-88.046053,42.158865],[-88.045334,42.158497],[-88.045068,42.158354],[-88.044604,42.158104],[-88.044102,42.157807],[-88.044081,42.157795],[-88.043672,42.157553],[-88.043352,42.157352],[-88.043348,42.15777],[-88.043341,42.158683],[-88.043337,42.159238],[-88.043325,42.15987],[-88.043324,42.159941],[-88.045174,42.159945],[-88.045174,42.159877],[-88.045606,42.159879],[-88.046032,42.159879],[-88.04603,42.160956],[-88.04603,42.161052],[-88.046097,42.161053],[-88.046338,42.161055],[-88.046339,42.159858],[-88.046645,42.159858],[-88.046642,42.160955],[-88.046948,42.160957],[-88.046949,42.161051],[-88.046994,42.161051],[-88.046978,42.163447],[-88.045482,42.163443],[-88.045044,42.163441],[-88.043309,42.163438],[-88.043325,42.161038],[-88.043179,42.161038],[-88.038398,42.161019],[-88.037329,42.161014],[-88.035504,42.161007],[-88.034901,42.161004],[-88.034084,42.161],[-88.03405,42.155129],[-88.034066,42.154197],[-88.034026,42.153997],[-88.03406,42.153946],[-88.034026,42.153831],[-88.034004,42.153747],[-88.033914,42.153746],[-88.033646,42.153745],[-88.0336,42.153744],[-88.033557,42.153745],[-88.03354,42.153745],[-88.033356,42.153744],[-88.03326,42.153743],[-88.03237,42.15374],[-88.032074,42.15374],[-88.031633,42.153738],[-88.030312,42.153735],[-88.029872,42.153734],[-88.02966,42.153733],[-88.029499,42.153733],[-88.029025,42.153732],[-88.028814,42.153732],[-88.028776,42.153732],[-88.028662,42.153732],[-88.028625,42.153732],[-88.028578,42.153732],[-88.028437,42.153732],[-88.02839,42.153732],[-88.027888,42.153734],[-88.026382,42.15374],[-88.025881,42.153743],[-88.025698,42.153743],[-88.02515,42.153746],[-88.024968,42.153748],[-88.024805,42.153748],[-88.024769,42.153749],[-88.024318,42.153743],[-88.024156,42.153741],[-88.024072,42.153728],[-88.023984,42.153738],[-88.023831,42.153736],[-88.02375,42.153735],[-88.023543,42.153732],[-88.022922,42.153724],[-88.022716,42.153722],[-88.022133,42.153714],[-88.022018,42.153719],[-88.021203,42.153703],[-88.020528,42.153687],[-88.019927,42.153695],[-88.019497,42.153702],[-88.01923,42.153701],[-88.018027,42.153697],[-88.017407,42.153695],[-88.01718,42.153694],[-88.016982,42.153693],[-88.014745,42.153686],[-88.011267,42.15366],[-88.01099,42.15366],[-88.00946,42.153663],[-88.009382,42.153663],[-88.0089,42.153661],[-88.007456,42.153655],[-88.006975,42.153654],[-88.006473,42.153652],[-88.004967,42.153646],[-88.004466,42.153645],[-88.003491,42.153644],[-88.000566,42.153641],[-87.999592,42.15364],[-87.998987,42.15364],[-87.998658,42.15364],[-87.997175,42.153638],[-87.996571,42.153638],[-87.996545,42.153638],[-87.99581,42.153638],[-87.993719,42.153638],[-87.993527,42.153636],[-87.993076,42.153633],[-87.992767,42.153634],[-87.991872,42.153633],[-87.989188,42.153631],[-87.988294,42.153631],[-87.987814,42.15363],[-87.986375,42.153627],[-87.985896,42.153626],[-87.985778,42.153626],[-87.985425,42.153626],[-87.985307,42.153625],[-87.985167,42.153626],[-87.984994,42.153626],[-87.984918,42.155526],[-87.984896,42.157978],[-87.984891,42.159135],[-87.984884,42.160589],[-87.984953,42.163245],[-87.984916,42.164271],[-87.984904,42.16458],[-87.984846,42.166183],[-87.984828,42.167972],[-87.984826,42.168182],[-87.993442,42.16818],[-87.993682,42.16818],[-87.993682,42.168216],[-87.993681,42.168736],[-87.993672,42.171543],[-87.993672,42.17182],[-87.993208,42.171817],[-87.992974,42.171816],[-87.993001,42.17188],[-87.993131,42.171967],[-87.993222,42.172025],[-87.993346,42.172083],[-87.993456,42.172076],[-87.993335,42.17217],[-87.993284,42.172263],[-87.993141,42.172313],[-87.99297,42.172371],[-87.992901,42.172415],[-87.992831,42.172501],[-87.992883,42.17259],[-87.993013,42.17265],[-87.993152,42.17268],[-87.993228,42.172674],[-87.993121,42.172767],[-87.992172,42.173463],[-87.991669,42.17346],[-87.991467,42.173458],[-87.991453,42.173536],[-87.991443,42.173588],[-87.991376,42.173713],[-87.991288,42.173827],[-87.991182,42.173914],[-87.99092,42.17406],[-87.991364,42.174377],[-87.991544,42.174519],[-87.991646,42.174617],[-87.991771,42.174785],[-87.99185,42.174917],[-87.991905,42.175054],[-87.991969,42.175455],[-87.991084,42.175446],[-87.991028,42.17545],[-87.990226,42.175449],[-87.989117,42.175448],[-87.98888,42.175448],[-87.987256,42.175447],[-87.984996,42.175445],[-87.984789,42.175445],[-87.984759,42.176955],[-87.984758,42.179069],[-87.980258,42.179054],[-87.976865,42.179043],[-87.97502,42.179037],[-87.975007,42.180697],[-87.975005,42.181316],[-87.976038,42.18132],[-87.976034,42.182545],[-87.976047,42.182697],[-87.975201,42.182696],[-87.974963,42.182696],[-87.974954,42.183279],[-87.976443,42.184722],[-87.976097,42.184718],[-87.976703,42.185309],[-87.976588,42.185311],[-87.977237,42.185902],[-87.977286,42.185989],[-87.977373,42.186144],[-87.977388,42.186326],[-87.977392,42.186384],[-87.977389,42.186623],[-87.977385,42.186867],[-87.977381,42.187117],[-87.977377,42.187364],[-87.977372,42.187686],[-87.97771,42.187689],[-87.978079,42.187692],[-87.978055,42.190555],[-87.975651,42.19054],[-87.975364,42.190347],[-87.972317,42.1883],[-87.97233,42.188835],[-87.972336,42.189061],[-87.974449,42.190526],[-87.973364,42.19054],[-87.973285,42.197199],[-87.974297,42.1972],[-87.977615,42.197203],[-87.978814,42.197203],[-87.979473,42.197204],[-87.979749,42.197204],[-87.97965,42.20409],[-87.97965,42.204138],[-87.979647,42.204461],[-87.979634,42.205316],[-87.979628,42.205669],[-87.977134,42.205519],[-87.975822,42.205449],[-87.974886,42.205377],[-87.974779,42.205388],[-87.974756,42.20442],[-87.974445,42.204439],[-87.973628,42.204482],[-87.971527,42.204495],[-87.969839,42.20449],[-87.967797,42.204483],[-87.965293,42.204478],[-87.965011,42.204477],[-87.965011,42.204558],[-87.965024,42.204558],[-87.964981,42.210327],[-87.96496,42.210304],[-87.964924,42.210263],[-87.964902,42.210197],[-87.964843,42.210112],[-87.964716,42.210064],[-87.964518,42.210092],[-87.964444,42.210146],[-87.964359,42.210178],[-87.964317,42.210164],[-87.964268,42.210149],[-87.96422,42.210085],[-87.964171,42.209988],[-87.964178,42.209854],[-87.964264,42.209785],[-87.964378,42.209742],[-87.964452,42.209696],[-87.964555,42.209606],[-87.964604,42.20951],[-87.96459,42.209447],[-87.964542,42.209353],[-87.964428,42.209263],[-87.964048,42.209144],[-87.963995,42.209075],[-87.964031,42.208962],[-87.964103,42.208877],[-87.96418,42.208819],[-87.964195,42.208721],[-87.964128,42.208612],[-87.96402,42.208474],[-87.963974,42.208342],[-87.964004,42.208204],[-87.964101,42.208094],[-87.964243,42.207994],[-87.964336,42.207914],[-87.96435,42.2078],[-87.964298,42.207653],[-87.964184,42.207577],[-87.963988,42.207498],[-87.963897,42.207491],[-87.963759,42.207443],[-87.963535,42.207384],[-87.963311,42.207346],[-87.963144,42.207352],[-87.963077,42.207436],[-87.963048,42.207496],[-87.962971,42.207563],[-87.962905,42.207551],[-87.962736,42.207457],[-87.96265,42.20743],[-87.962582,42.207375],[-87.962581,42.207298],[-87.962515,42.20722],[-87.962271,42.207032],[-87.962147,42.206948],[-87.962068,42.206864],[-87.962042,42.206669],[-87.961983,42.206577],[-87.961859,42.206507],[-87.961544,42.206431],[-87.961229,42.206235],[-87.961083,42.206155],[-87.96091,42.206149],[-87.960755,42.206185],[-87.960623,42.206272],[-87.960397,42.20642],[-87.960372,42.206449],[-87.960303,42.206536],[-87.960299,42.206585],[-87.960291,42.206671],[-87.960284,42.206743],[-87.960232,42.206784],[-87.960298,42.206909],[-87.96082,42.207903],[-87.960932,42.208117],[-87.961106,42.208448],[-87.961758,42.209692],[-87.961868,42.209902],[-87.961887,42.209937],[-87.96194,42.210037],[-87.962522,42.211147],[-87.962663,42.211425],[-87.962833,42.211758],[-87.962925,42.211758],[-87.962944,42.211794],[-87.963056,42.211841],[-87.963143,42.211846],[-87.963969,42.21186],[-87.964018,42.211886],[-87.964379,42.211855],[-87.964971,42.211752],[-87.97468,42.211726],[-87.974662,42.214899],[-87.974639,42.218992],[-87.978698,42.218977],[-87.979573,42.218972],[-87.980254,42.218971],[-87.983806,42.218959],[-87.988634,42.218955],[-87.989254,42.218956],[-87.993815,42.218959],[-87.994072,42.218959],[-87.994069,42.219503],[-87.99405,42.223591],[-87.994063,42.224109],[-87.994072,42.224476],[-87.994069,42.225935],[-87.994149,42.226137],[-87.994147,42.226833],[-87.99414,42.229123],[-87.994148,42.231827],[-87.994152,42.233477],[-87.993971,42.233502],[-87.993867,42.233502],[-87.99339,42.2335],[-87.992357,42.233496],[-87.991396,42.233492],[-87.98953,42.233484],[-87.989377,42.233484],[-87.989217,42.233483],[-87.989216,42.233845],[-87.989214,42.236314],[-87.988889,42.236679],[-87.988523,42.237091],[-87.987128,42.237085],[-87.984315,42.237073],[-87.984315,42.236826],[-87.984311,42.233463],[-87.984094,42.233464],[-87.983419,42.233467],[-87.98131,42.233477],[-87.979435,42.233487],[-87.979454,42.228795],[-87.979404,42.228768],[-87.979256,42.228689],[-87.979008,42.228565],[-87.977167,42.227642],[-87.97712,42.227949],[-87.977117,42.227984],[-87.977071,42.228624],[-87.977044,42.229515],[-87.977017,42.23054],[-87.977002,42.23128],[-87.976977,42.232371],[-87.976952,42.233421],[-87.976951,42.233497],[-87.974302,42.233504],[-87.974341,42.23358],[-87.976088,42.236951],[-87.976914,42.238533],[-87.976914,42.238699],[-87.976914,42.238794],[-87.977206,42.239285],[-87.977572,42.239849],[-87.977993,42.240397],[-87.978098,42.240537],[-87.977328,42.240526],[-87.977215,42.240524],[-87.977079,42.240522],[-87.977148,42.240859],[-87.977272,42.241245],[-87.977728,42.242336],[-87.977931,42.242757],[-87.978036,42.243105],[-87.978542,42.244343],[-87.978682,42.244648],[-87.978964,42.245264],[-87.979325,42.246127],[-87.979406,42.246322],[-87.979421,42.246356],[-87.979428,42.246374],[-87.979454,42.246436],[-87.97952,42.246587],[-87.979664,42.246549],[-87.979722,42.246534],[-87.979897,42.246492],[-87.980072,42.246451],[-87.980248,42.246412],[-87.980425,42.246375],[-87.980602,42.246339],[-87.98078,42.246306],[-87.980959,42.246274],[-87.981138,42.246244],[-87.981318,42.246216],[-87.981559,42.246181],[-87.98174,42.246157],[-87.981921,42.246135],[-87.982049,42.246121],[-87.982069,42.246147],[-87.982961,42.247347],[-87.983346,42.247863],[-87.981811,42.247854],[-87.981799,42.248696],[-87.980412,42.248677],[-87.980498,42.248881],[-87.980553,42.249044],[-87.980619,42.249298],[-87.980636,42.249393],[-87.980657,42.249699],[-87.980657,42.24981],[-87.980641,42.249995],[-87.980611,42.250181],[-87.980562,42.250377],[-87.980263,42.251245],[-87.979908,42.252273],[-87.979622,42.253119],[-87.97933,42.253993],[-87.9792,42.25438],[-87.979166,42.254626],[-87.979125,42.254912],[-87.979122,42.254937],[-87.979098,42.255106],[-87.978949,42.256305],[-87.978924,42.256505],[-87.978908,42.256575],[-87.9788,42.257036],[-87.978772,42.257119],[-87.978741,42.25721],[-87.978695,42.257347],[-87.978664,42.257417],[-87.978519,42.257745],[-87.977773,42.259202],[-87.975153,42.264467],[-87.975084,42.264634],[-87.974811,42.265163],[-87.974698,42.265398],[-87.974598,42.265605],[-87.974588,42.265626],[-87.974547,42.265711],[-87.974514,42.265791],[-87.974425,42.266007],[-87.974382,42.266112],[-87.974242,42.266579],[-87.974197,42.266757],[-87.974141,42.266991],[-87.974134,42.267032],[-87.97406,42.267475],[-87.974035,42.267719],[-87.974015,42.268292],[-87.974006,42.269386],[-87.974001,42.269662],[-87.969322,42.269645],[-87.969068,42.269644],[-87.969077,42.269323],[-87.969107,42.266165],[-87.969109,42.266007],[-87.968512,42.266005],[-87.966643,42.265999],[-87.966636,42.266138],[-87.966637,42.266536],[-87.966435,42.266533],[-87.964172,42.266527],[-87.96418,42.265978],[-87.96421,42.263852],[-87.963526,42.263788],[-87.961721,42.263621],[-87.95525,42.263019],[-87.950489,42.262577],[-87.950169,42.262545],[-87.949044,42.262432],[-87.948904,42.262418],[-87.948877,42.262304],[-87.948338,42.259878],[-87.948109,42.258772],[-87.948046,42.258457],[-87.947375,42.25543],[-87.947106,42.254217],[-87.947087,42.25413],[-87.947077,42.254084],[-87.947056,42.25399],[-87.947024,42.253857],[-87.946976,42.253664],[-87.946817,42.253011],[-87.946724,42.252547],[-87.946395,42.251085],[-87.945906,42.24884],[-87.945768,42.248218],[-87.945658,42.247658],[-87.945581,42.247187],[-87.945515,42.246691],[-87.9455,42.246571],[-87.945415,42.245767],[-87.944868,42.245751],[-87.944867,42.245719],[-87.94263,42.245653],[-87.940565,42.245593],[-87.940422,42.245589],[-87.940407,42.245549],[-87.940412,42.245239],[-87.940419,42.244815],[-87.940439,42.244755],[-87.940461,42.244693],[-87.940488,42.244615],[-87.940621,42.244228],[-87.940523,42.243786],[-87.940473,42.243681],[-87.94043,42.243594],[-87.940296,42.24331],[-87.940262,42.24321],[-87.940212,42.243061],[-87.940119,42.242964],[-87.940104,42.242948],[-87.939887,42.242719],[-87.93985,42.242679],[-87.939823,42.242633],[-87.939803,42.242604],[-87.93978,42.242576],[-87.939756,42.242548],[-87.939734,42.24252],[-87.939715,42.24249],[-87.939698,42.242459],[-87.939681,42.242429],[-87.939647,42.242351],[-87.93962,42.242277],[-87.9396,42.242201],[-87.939586,42.242124],[-87.939581,42.24207],[-87.939578,42.241978],[-87.939585,42.241885],[-87.939587,42.2418],[-87.939595,42.241563],[-87.939598,42.241463],[-87.939601,42.241386],[-87.939603,42.24131],[-87.939523,42.240956],[-87.939381,42.24076],[-87.939337,42.2407],[-87.93928,42.240622],[-87.939258,42.240592],[-87.939229,42.240546],[-87.939221,42.240531],[-87.939053,42.240535],[-87.93905,42.240386],[-87.939031,42.240279],[-87.938916,42.240091],[-87.938789,42.239953],[-87.938578,42.239858],[-87.938389,42.239762],[-87.938137,42.239617],[-87.937916,42.23942],[-87.937804,42.239331],[-87.937638,42.239269],[-87.937521,42.239237],[-87.937415,42.239175],[-87.937337,42.23911],[-87.937244,42.239065],[-87.937156,42.239059],[-87.937126,42.239143],[-87.937114,42.239204],[-87.937068,42.239167],[-87.936936,42.239094],[-87.936791,42.238955],[-87.936615,42.238693],[-87.936564,42.238603],[-87.936475,42.238485],[-87.936279,42.238179],[-87.936187,42.238004],[-87.936057,42.237702],[-87.935977,42.237575],[-87.935909,42.237423],[-87.935847,42.237228],[-87.935785,42.236864],[-87.93574,42.236664],[-87.935734,42.236526],[-87.935694,42.236173],[-87.93572,42.236018],[-87.935778,42.23581],[-87.935863,42.235391],[-87.935874,42.235126],[-87.935844,42.234999],[-87.935799,42.234898],[-87.935657,42.234761],[-87.935361,42.234605],[-87.935259,42.234543],[-87.935192,42.23447],[-87.935149,42.234351],[-87.935077,42.234036],[-87.935051,42.233772],[-87.935041,42.233563],[-87.935057,42.233382],[-87.935009,42.233065],[-87.934984,42.2327],[-87.934929,42.232429],[-87.934895,42.232081],[-87.934813,42.231916],[-87.934672,42.231825],[-87.934544,42.231789],[-87.934386,42.231697],[-87.934305,42.231592],[-87.93425,42.231542],[-87.934142,42.231374],[-87.934052,42.231311],[-87.933779,42.231017],[-87.933686,42.230895],[-87.933626,42.230751],[-87.933608,42.230634],[-87.933589,42.230622],[-87.933534,42.230398],[-87.933452,42.230214],[-87.933424,42.230096],[-87.933391,42.22977],[-87.933406,42.229543],[-87.933453,42.229381],[-87.93347,42.229268],[-87.933447,42.229184],[-87.933442,42.22897],[-87.93352,42.228797],[-87.933547,42.228657],[-87.933529,42.228586],[-87.93352,42.228503],[-87.933574,42.22841],[-87.933666,42.228325],[-87.93386,42.228168],[-87.934033,42.228073],[-87.934109,42.227996],[-87.934493,42.227804],[-87.934757,42.227638],[-87.934916,42.227549],[-87.935203,42.227434],[-87.93525,42.22739],[-87.93563,42.227233],[-87.936138,42.227057],[-87.936288,42.227015],[-87.936392,42.22694],[-87.936426,42.226924],[-87.937373,42.226452],[-87.937468,42.226391],[-87.937509,42.22633],[-87.937537,42.22625],[-87.937714,42.226038],[-87.937714,42.225876],[-87.937673,42.225786],[-87.937618,42.225705],[-87.937346,42.225483],[-87.937305,42.225362],[-87.937223,42.225241],[-87.937182,42.22514],[-87.937032,42.224757],[-87.936991,42.224706],[-87.937005,42.224625],[-87.936936,42.224555],[-87.936868,42.224383],[-87.936895,42.224252],[-87.936814,42.224141],[-87.936718,42.223929],[-87.936745,42.223788],[-87.936691,42.223627],[-87.936609,42.223506],[-87.936623,42.223455],[-87.936432,42.223233],[-87.936309,42.223112],[-87.936145,42.223021],[-87.936022,42.222921],[-87.935927,42.222759],[-87.935777,42.222547],[-87.935504,42.222103],[-87.935436,42.222023],[-87.935354,42.221801],[-87.935145,42.221555],[-87.934707,42.221546],[-87.925473,42.221114],[-87.925463,42.222357],[-87.92547,42.222446],[-87.925462,42.223257],[-87.92289,42.223197],[-87.920218,42.223134],[-87.920176,42.225457],[-87.920114,42.228898],[-87.91611,42.228846],[-87.915655,42.22884],[-87.915673,42.22921],[-87.91568,42.229341],[-87.915522,42.229336],[-87.911701,42.22922],[-87.911576,42.232625],[-87.915041,42.232689],[-87.915037,42.234744],[-87.915535,42.234754],[-87.915527,42.235499],[-87.915794,42.235504],[-87.915747,42.240033],[-87.915744,42.24018],[-87.915596,42.24018],[-87.915214,42.240177],[-87.915197,42.240344],[-87.915192,42.2406],[-87.915193,42.240667],[-87.915203,42.240807],[-87.915207,42.24086],[-87.915347,42.240885],[-87.915611,42.240909],[-87.916005,42.240962],[-87.916218,42.241005],[-87.916546,42.241106],[-87.916706,42.241166],[-87.916969,42.241287],[-87.917077,42.241349],[-87.917208,42.241447],[-87.917258,42.241502],[-87.917291,42.24156],[-87.917328,42.241717],[-87.917335,42.241816],[-87.91733,42.241951],[-87.91731,42.242119],[-87.917278,42.242282],[-87.917091,42.242825],[-87.917035,42.243086],[-87.917007,42.243349],[-87.917008,42.243546],[-87.917018,42.243679],[-87.917059,42.243907],[-87.91711,42.244067],[-87.917182,42.244225],[-87.917256,42.244346],[-87.917348,42.244456],[-87.917467,42.244554],[-87.917741,42.244724],[-87.918103,42.244915],[-87.918625,42.245165],[-87.920395,42.245981],[-87.920824,42.246157],[-87.920929,42.246215],[-87.921038,42.246299],[-87.921105,42.246365],[-87.921191,42.246481],[-87.921256,42.246602],[-87.921457,42.247075],[-87.921573,42.247289],[-87.921714,42.247495],[-87.921832,42.247635],[-87.92188,42.247679],[-87.919162,42.247696],[-87.915401,42.247706],[-87.915365,42.251058],[-87.915345,42.252875],[-87.915344,42.252919],[-87.915275,42.258333],[-87.914184,42.258331],[-87.905636,42.25832],[-87.905641,42.258024],[-87.90567,42.256332],[-87.905679,42.256036],[-87.905531,42.256036],[-87.90552,42.257408],[-87.905517,42.257713],[-87.905512,42.258224],[-87.905511,42.258322],[-87.905487,42.260024],[-87.905461,42.261902],[-87.905453,42.263355],[-87.905453,42.263547],[-87.905452,42.263725],[-87.905451,42.263852],[-87.905446,42.264234],[-87.905419,42.266505],[-87.905408,42.267376],[-87.905405,42.26766],[-87.905401,42.267989],[-87.90539,42.269205],[-87.90539,42.269246],[-87.905381,42.270255],[-87.905368,42.271835],[-87.905359,42.273023],[-87.905355,42.273495],[-87.90534,42.275297],[-87.90534,42.275343],[-87.905339,42.275406],[-87.905338,42.275487],[-87.905326,42.276677],[-87.905311,42.278095],[-87.90531,42.278199],[-87.905308,42.278307],[-87.905305,42.278625],[-87.905305,42.278652],[-87.905304,42.278707],[-87.905294,42.279512],[-87.90529,42.279811],[-87.905289,42.279895],[-87.905289,42.279916],[-87.905288,42.280019],[-87.904131,42.280011],[-87.901089,42.280034],[-87.900289,42.280025],[-87.89999,42.280021],[-87.898672,42.280018],[-87.897432,42.280008],[-87.896921,42.280005],[-87.89688,42.280005],[-87.896836,42.280004],[-87.89661,42.280003],[-87.896046,42.280001],[-87.895881,42.28],[-87.895463,42.279999],[-87.895463,42.279838],[-87.895463,42.279656],[-87.895465,42.279348],[-87.895466,42.279306],[-87.895466,42.279276],[-87.895652,42.279146],[-87.895782,42.279031],[-87.895946,42.278841],[-87.896042,42.278688],[-87.896105,42.278527],[-87.896198,42.278138],[-87.896211,42.278007],[-87.896207,42.277913],[-87.89616,42.27769],[-87.896036,42.277222],[-87.895943,42.276948],[-87.895775,42.27637],[-87.895676,42.27615],[-87.895553,42.275892],[-87.895489,42.27571],[-87.895438,42.275506],[-87.894564,42.272397],[-87.894547,42.272233],[-87.894549,42.272145],[-87.894405,42.271686],[-87.893958,42.27009],[-87.893734,42.269293],[-87.893699,42.269125],[-87.893668,42.268861],[-87.89346,42.26812],[-87.892648,42.265227],[-87.892589,42.264819],[-87.891757,42.261845],[-87.890364,42.261836],[-87.890216,42.261841],[-87.889979,42.261837],[-87.889255,42.261827],[-87.88911,42.261825],[-87.885968,42.261796],[-87.885909,42.261795],[-87.885839,42.266487],[-87.885767,42.269128],[-87.88569,42.275532],[-87.885668,42.27631],[-87.885719,42.276311],[-87.885719,42.276474],[-87.885698,42.2793],[-87.885697,42.279311],[-87.885686,42.279546],[-87.885684,42.279582],[-87.885655,42.27969],[-87.885649,42.27975],[-87.885642,42.279829],[-87.885532,42.279821],[-87.885393,42.279812],[-87.884996,42.279795],[-87.883262,42.279771],[-87.880862,42.279745],[-87.878536,42.279719],[-87.877831,42.278716],[-87.877015,42.277625],[-87.876549,42.276968],[-87.876074,42.276343],[-87.875809,42.275785],[-87.875499,42.275027],[-87.875274,42.274573],[-87.875101,42.274224],[-87.874406,42.272929],[-87.874211,42.272572],[-87.873172,42.270616],[-87.872735,42.269793],[-87.872318,42.268981],[-87.872274,42.268895],[-87.87184,42.268889],[-87.864672,42.268822],[-87.864476,42.268819],[-87.864096,42.268817],[-87.86405,42.268816],[-87.863174,42.268807],[-87.862867,42.268805],[-87.855966,42.268762],[-87.855888,42.268757],[-87.855652,42.268757],[-87.855553,42.268822],[-87.855486,42.268822],[-87.855386,42.268821],[-87.854855,42.268817],[-87.852655,42.268815],[-87.852488,42.268815],[-87.852491,42.268757],[-87.851207,42.268751],[-87.847524,42.268715],[-87.844701,42.268695],[-87.844649,42.268693],[-87.844086,42.268686],[-87.842288,42.268672],[-87.839512,42.268638],[-87.839429,42.268636],[-87.836331,42.268605],[-87.836171,42.268605],[-87.828189,42.268549],[-87.828085,42.268548],[-87.828023,42.268548],[-87.828029,42.268623],[-87.828031,42.268658],[-87.828007,42.268669],[-87.827987,42.268679],[-87.827969,42.268691],[-87.827953,42.268707],[-87.827945,42.268732],[-87.827951,42.268751],[-87.827958,42.268762],[-87.827965,42.268775],[-87.827981,42.268798],[-87.827995,42.268812],[-87.828009,42.268825],[-87.828017,42.268834],[-87.828026,42.268843],[-87.828035,42.268851],[-87.828044,42.268861],[-87.817021,42.269332],[-87.814509,42.260753],[-87.806078,42.240498],[-87.799629,42.224994],[-87.799034,42.224047],[-87.791031,42.211307],[-87.782858,42.198299],[-87.778413,42.191222],[-87.773943,42.186286],[-87.772304,42.184109],[-87.770923,42.182275],[-87.75128,42.156187],[-87.750334,42.15276],[-87.748454,42.15286],[-87.725967,42.125012],[-87.703526,42.101725],[-87.701912,42.100353],[-87.701166,42.099719],[-87.700138,42.098917],[-87.699532,42.098324],[-87.6973,42.096409],[-87.696765,42.096026],[-87.694374,42.094318],[-87.690753,42.091814],[-87.688002,42.089931],[-87.68576,42.088678],[-87.684271,42.087813],[-87.683894,42.087594],[-87.68107,42.086209],[-87.679251,42.085453],[-87.67728,42.084646],[-87.675062,42.083709],[-87.673498,42.083118],[-87.672388,42.082608],[-87.671987,42.082289],[-87.671552,42.081942],[-87.671163,42.080899],[-87.671223,42.079477],[-87.671564,42.078342],[-87.67183,42.077287],[-87.671914,42.076233],[-87.671718,42.075018],[-87.671419,42.073454],[-87.670528,42.072275],[-87.669758,42.071629],[-87.666393,42.063475],[-87.673184,42.061541],[-87.673617,42.061547],[-87.674043,42.061558],[-87.674073,42.061564],[-87.674194,42.061556],[-87.674165,42.061528],[-87.674151,42.061498],[-87.674147,42.061459],[-87.674167,42.060959],[-87.674171,42.060745],[-87.674258,42.060588],[-87.674392,42.060486],[-87.674676,42.060374],[-87.674775,42.060235],[-87.674791,42.059196],[-87.67471,42.059097],[-87.674125,42.059094],[-87.674139,42.058859],[-87.674193,42.058785],[-87.674293,42.058726],[-87.674639,42.058574],[-87.674701,42.058542],[-87.67478,42.058536],[-87.674936,42.05854],[-87.676733,42.058562],[-87.676725,42.05711],[-87.675825,42.057043],[-87.675846,42.056659],[-87.675329,42.056664],[-87.675339,42.056408],[-87.674607,42.056413],[-87.674638,42.055568],[-87.674803,42.055567],[-87.674938,42.055558],[-87.675072,42.055539],[-87.675166,42.05552],[-87.675247,42.05551],[-87.675381,42.055519],[-87.675461,42.055545],[-87.675583,42.055599],[-87.67566,42.05561],[-87.677175,42.055631],[-87.677181,42.055255],[-87.677185,42.055015],[-87.677685,42.055021],[-87.678066,42.055026],[-87.678563,42.055032],[-87.67857,42.054578],[-87.678555,42.054579],[-87.678234,42.054579],[-87.678228,42.054938],[-87.677882,42.054933],[-87.67789,42.053936],[-87.67803,42.053938],[-87.678031,42.053849],[-87.677207,42.05384],[-87.677215,42.053484],[-87.67724,42.052418],[-87.677249,42.052063],[-87.677253,42.051859],[-87.677268,42.051264],[-87.677272,42.051251],[-87.677334,42.051058],[-87.677386,42.050899],[-87.677467,42.050729],[-87.677781,42.050081],[-87.677931,42.049769],[-87.678086,42.04945],[-87.677745,42.049359],[-87.677283,42.049236],[-87.676725,42.049085],[-87.676386,42.048994],[-87.676045,42.048902],[-87.675619,42.048788],[-87.675441,42.049164],[-87.675237,42.049583],[-87.675531,42.049666],[-87.675705,42.049724],[-87.67579,42.049771],[-87.67598,42.049833],[-87.67577,42.050263],[-87.675617,42.050581],[-87.675365,42.050511],[-87.674849,42.050368],[-87.674611,42.050302],[-87.674485,42.050267],[-87.674404,42.050187],[-87.674389,42.050181],[-87.674338,42.050096],[-87.673776,42.050267],[-87.671978,42.050816],[-87.671798,42.05083],[-87.671114,42.050884],[-87.663559,42.051324],[-87.661433,42.051449],[-87.660396,42.041808],[-87.660338,42.041047],[-87.659819,42.034176],[-87.659799,42.033961],[-87.659531,42.030968],[-87.658857,42.023431],[-87.658088,42.021455],[-87.657457,42.019831],[-87.656017,42.015444],[-87.655356,42.013431],[-87.653198,42.006348],[-87.650803,41.998485],[-87.650756,41.998331],[-87.650291,41.996627],[-87.650156,41.996131],[-87.649637,41.994317],[-87.649119,41.992503],[-87.648956,41.991931],[-87.648932,41.990176],[-87.648904,41.988053],[-87.648861,41.984747],[-87.648855,41.984231],[-87.645655,41.978132],[-87.643595,41.976652],[-87.637415,41.972212],[-87.635355,41.970732],[-87.635127,41.970549],[-87.634444,41.970001],[-87.634217,41.969819],[-87.631286,41.967467],[-87.627754,41.964632],[-87.631799,41.959237],[-87.634054,41.956232],[-87.633754,41.955425],[-87.633709,41.955326],[-87.632006,41.951545],[-87.631205,41.949765],[-87.630757,41.94877],[-87.627459,41.943021],[-87.62734,41.942535],[-87.626114,41.937505],[-87.626019,41.937117],[-87.62596,41.936871],[-87.625461,41.932436],[-87.62516,41.926869],[-87.623878,41.925749],[-87.615956,41.918831],[-87.613754,41.911576],[-87.616532,41.909087],[-87.621952,41.904232],[-87.6218,41.904105],[-87.620972,41.903412],[-87.618032,41.900952],[-87.617052,41.900132],[-87.612919,41.899555],[-87.599758,41.897721],[-87.599339,41.896688],[-87.595863,41.888111],[-87.605369,41.888222],[-87.609113,41.888267],[-87.609247,41.882334],[-87.605622,41.875033],[-87.605567,41.874913],[-87.605405,41.874553],[-87.605351,41.874433],[-87.605346,41.874202],[-87.605331,41.873509],[-87.605327,41.873279],[-87.605312,41.872586],[-87.605269,41.87051],[-87.605255,41.869818],[-87.605162,41.866378],[-87.604886,41.856061],[-87.604838,41.854236],[-87.6043,41.852714],[-87.604117,41.852197],[-87.603569,41.850648],[-87.603387,41.850132],[-87.603038,41.849144],[-87.601991,41.846183],[-87.601642,41.845196],[-87.601408,41.844533],[-87.600938,41.843846],[-87.59834,41.840046],[-87.597474,41.83878],[-87.596483,41.837331],[-87.594676,41.834691],[-87.593561,41.832953],[-87.592614,41.831477],[-87.592113,41.830697],[-87.590613,41.828357],[-87.590113,41.827578],[-87.588766,41.825478],[-87.584725,41.819178],[-87.583378,41.817078],[-87.582799,41.816177],[-87.582092,41.815075],[-87.582959,41.813384],[-87.583448,41.812433],[-87.576253,41.808203],[-87.567155,41.802855],[-87.566948,41.802734],[-87.566822,41.80079],[-87.566747,41.799634],[-87.566651,41.795509],[-87.575521,41.795392],[-87.575788,41.795343],[-87.576063,41.795161],[-87.576255,41.795033],[-87.576841,41.795015],[-87.576902,41.795014],[-87.577364,41.794921],[-87.578043,41.79474],[-87.578308,41.794651],[-87.578446,41.794575],[-87.578574,41.79454],[-87.57905,41.794144],[-87.579067,41.794119],[-87.579127,41.794038],[-87.579322,41.793811],[-87.579496,41.793447],[-87.579498,41.793433],[-87.579602,41.792835],[-87.579603,41.792726],[-87.579592,41.792595],[-87.579579,41.792536],[-87.579522,41.792317],[-87.579462,41.792163],[-87.579377,41.791996],[-87.579063,41.791382],[-87.578944,41.791197],[-87.578897,41.791141],[-87.578888,41.791114],[-87.578861,41.79108],[-87.578833,41.791025],[-87.578793,41.790907],[-87.578703,41.790689],[-87.578657,41.790627],[-87.578564,41.790429],[-87.578522,41.790353],[-87.578499,41.790298],[-87.578416,41.790182],[-87.578388,41.790127],[-87.578361,41.790099],[-87.578333,41.790052],[-87.57824,41.789956],[-87.578066,41.789802],[-87.578048,41.789777],[-87.577946,41.789675],[-87.577916,41.789648],[-87.577844,41.789583],[-87.576564,41.788688],[-87.576546,41.788676],[-87.57661,41.788594],[-87.576692,41.788531],[-87.577276,41.788463],[-87.577278,41.788263],[-87.577324,41.78824],[-87.577406,41.788201],[-87.577553,41.788187],[-87.5778,41.78818],[-87.577788,41.788072],[-87.57769,41.78729],[-87.577676,41.787107],[-87.577626,41.786733],[-87.57759,41.786562],[-87.577493,41.786188],[-87.57747,41.786109],[-87.57718,41.786123],[-87.577079,41.786128],[-87.56441,41.786663],[-87.56301,41.781232],[-87.562856,41.780633],[-87.562637,41.779786],[-87.561982,41.777246],[-87.561764,41.7764],[-87.561728,41.776259],[-87.559442,41.774405],[-87.558686,41.773792],[-87.552247,41.76857],[-87.549849,41.766626],[-87.547891,41.765038],[-87.545166,41.762829],[-87.543721,41.761657],[-87.527501,41.762032],[-87.523688,41.762121],[-87.523661,41.759907],[-87.52389,41.742767],[-87.523941,41.738948],[-87.523992,41.735128],[-87.524142,41.723818],[-87.524152,41.723134],[-87.524154,41.722959],[-87.524154,41.722445],[-87.524163,41.721851],[-87.524201,41.719512],[-87.52432,41.718321],[-87.524311,41.71821],[-87.524231,41.717273],[-87.524236,41.716979],[-87.5242,41.712555],[-87.524165,41.708314],[-87.524174,41.708181],[-87.524194,41.707891],[-87.524215,41.707511],[-87.52431,41.706603],[-87.524442,41.704046],[-87.524468,41.703303],[-87.524471,41.703129],[-87.524469,41.702925],[-87.524468,41.702875],[-87.524465,41.702765],[-87.524461,41.70268],[-87.524539,41.700868],[-87.524541,41.700751],[-87.524564,41.699036],[-87.524624,41.697237],[-87.524615,41.695421],[-87.524609,41.69513],[-87.524632,41.693778],[-87.524631,41.693613],[-87.524628,41.693332],[-87.52466,41.691802],[-87.524813,41.686938],[-87.524805,41.686411],[-87.524743,41.681735],[-87.524821,41.680952],[-87.524841,41.676485],[-87.524843,41.675436],[-87.524785,41.673733],[-87.524756,41.673526],[-87.524781,41.671979],[-87.524848,41.667879],[-87.524855,41.667583],[-87.524759,41.661729],[-87.524743,41.660435],[-87.524743,41.659198],[-87.524743,41.658705],[-87.524743,41.657229],[-87.524743,41.656737],[-87.524793,41.655632],[-87.524793,41.654519],[-87.524782,41.653742],[-87.524792,41.651389],[-87.524839,41.650145],[-87.524794,41.650116],[-87.524892,41.647281],[-87.524843,41.647293],[-87.524997,41.644636],[-87.52505,41.639283],[-87.52505,41.638044],[-87.52505,41.637283],[-87.525081,41.635467],[-87.525077,41.632986],[-87.525064,41.632571],[-87.52505,41.63125],[-87.525057,41.630801],[-87.525054,41.630208],[-87.525056,41.629463],[-87.525052,41.628976],[-87.525076,41.625944],[-87.525111,41.625308],[-87.525079,41.623114],[-87.525079,41.623053],[-87.525111,41.622605],[-87.525102,41.621758],[-87.525135,41.620926],[-87.525135,41.620791],[-87.525135,41.62065],[-87.525135,41.620612],[-87.525135,41.620592],[-87.525135,41.620512],[-87.525136,41.619162],[-87.525121,41.618908],[-87.52514,41.617352],[-87.525132,41.616805],[-87.52512,41.615777],[-87.525117,41.615521],[-87.525114,41.614676],[-87.525137,41.613834],[-87.525137,41.612957],[-87.525137,41.612592],[-87.525147,41.612083],[-87.525169,41.611201],[-87.525188,41.610332],[-87.525196,41.609892],[-87.525198,41.609462],[-87.525206,41.608584],[-87.52521,41.6077],[-87.525215,41.606827],[-87.525217,41.605953],[-87.525222,41.605068],[-87.525224,41.604189],[-87.525225,41.603314],[-87.525229,41.602013],[-87.525244,41.60136],[-87.525252,41.601056],[-87.525232,41.600752],[-87.525242,41.60035],[-87.525213,41.599257],[-87.525193,41.597686],[-87.525194,41.596986],[-87.525196,41.595585],[-87.525217,41.59457],[-87.525222,41.594335],[-87.525213,41.593811],[-87.525213,41.593535],[-87.525213,41.593089],[-87.525214,41.593038],[-87.525216,41.592895],[-87.52523,41.591982],[-87.52523,41.591796],[-87.52523,41.591559],[-87.525235,41.591242],[-87.525236,41.591072],[-87.525246,41.59017],[-87.52526,41.589606],[-87.52526,41.589188],[-87.525263,41.588761],[-87.525257,41.588348],[-87.525268,41.587857],[-87.525257,41.587437],[-87.525257,41.586989],[-87.525266,41.58658],[-87.525263,41.585777],[-87.525257,41.585645],[-87.525287,41.583526],[-87.525277,41.583072],[-87.525281,41.582635],[-87.525281,41.582197],[-87.525301,41.581785],[-87.525302,41.58164],[-87.525302,41.581531],[-87.525302,41.581361],[-87.525302,41.581314],[-87.525302,41.581257],[-87.525301,41.580826],[-87.525299,41.580202],[-87.525297,41.57939],[-87.525291,41.579061],[-87.52529,41.578746],[-87.525288,41.578288],[-87.525288,41.577559],[-87.525281,41.577107],[-87.525282,41.577035],[-87.525284,41.576977],[-87.525281,41.576621],[-87.525286,41.574888],[-87.525282,41.573838],[-87.525303,41.571106],[-87.525304,41.570277],[-87.525304,41.570075],[-87.525305,41.570025],[-87.525313,41.568748],[-87.525321,41.567227],[-87.525324,41.566536],[-87.525322,41.565328],[-87.525319,41.563937],[-87.525319,41.563466],[-87.52533,41.561413],[-87.525317,41.561413],[-87.525331,41.558849],[-87.525417,41.557543],[-87.525426,41.557409],[-87.525425,41.557349],[-87.525423,41.55677],[-87.525422,41.556457],[-87.525421,41.556265],[-87.525415,41.554166],[-87.525414,41.554081],[-87.525412,41.553925],[-87.525412,41.553794],[-87.525403,41.551322],[-87.525407,41.550295],[-87.525407,41.549958],[-87.525407,41.549001],[-87.525443,41.54867],[-87.525404,41.547823],[-87.525413,41.547479],[-87.525411,41.546769],[-87.52541,41.545652],[-87.525418,41.542912],[-87.525437,41.539887],[-87.525607,41.528344],[-87.525586,41.524739],[-87.52556,41.522725],[-87.525561,41.522651],[-87.525562,41.522611],[-87.525611,41.517436],[-87.525608,41.514062],[-87.525608,41.513772],[-87.525604,41.512437],[-87.52556,41.509839],[-87.525539,41.508544],[-87.525543,41.507671],[-87.525543,41.506812],[-87.525547,41.500834],[-87.525554,41.500639],[-87.525559,41.500527],[-87.525547,41.500058],[-87.525543,41.499865],[-87.525551,41.498943],[-87.525553,41.498876],[-87.52555,41.498637],[-87.525542,41.497923],[-87.525539,41.497687],[-87.525539,41.497502],[-87.525559,41.496906],[-87.525547,41.49529],[-87.52554,41.49463],[-87.525533,41.491043],[-87.525532,41.490021],[-87.525532,41.489798],[-87.525532,41.489708],[-87.525532,41.489212],[-87.525533,41.48846],[-87.525538,41.482811],[-87.525556,41.47935],[-87.525558,41.479038],[-87.525557,41.478888],[-87.525542,41.476069],[-87.525539,41.475487],[-87.525538,41.475247],[-87.525555,41.474561],[-87.525608,41.472505],[-87.525626,41.471815],[-87.52564,41.471525],[-87.525687,41.470644],[-87.525703,41.470351],[-87.525705,41.470283],[-87.527071,41.470276],[-87.531175,41.470262],[-87.532546,41.470259],[-87.532575,41.470259],[-87.536052,41.470218],[-87.538488,41.470197],[-87.539742,41.470191],[-87.540635,41.470186],[-87.54175,41.470178],[-87.541788,41.470176],[-87.542731,41.47018],[-87.54335,41.47018],[-87.543807,41.470173],[-87.545179,41.470156],[-87.545637,41.470151],[-87.547149,41.470132],[-87.555748,41.470079],[-87.555931,41.470078],[-87.557849,41.470066],[-87.567124,41.470034],[-87.572462,41.470013],[-87.573065,41.470014],[-87.57405,41.470007],[-87.57499,41.470001],[-87.577103,41.469993],[-87.577339,41.469992],[-87.57744,41.469993],[-87.577543,41.469994],[-87.5776,41.469993],[-87.578063,41.469992],[-87.578584,41.469989],[-87.578979,41.469986],[-87.579154,41.469984],[-87.57968,41.469981],[-87.579729,41.469981],[-87.579856,41.469981],[-87.580121,41.469979],[-87.580919,41.469974],[-87.581185,41.469973],[-87.581836,41.469971],[-87.582198,41.46997],[-87.583212,41.469968],[-87.583791,41.469966],[-87.583828,41.469966],[-87.584443,41.469965],[-87.584559,41.469964],[-87.584678,41.469964],[-87.584907,41.469964],[-87.585024,41.469964],[-87.585229,41.469963],[-87.585848,41.469961],[-87.586054,41.469961],[-87.58672,41.469959],[-87.588201,41.469954],[-87.589406,41.46996],[-87.590269,41.469953],[-87.590497,41.46995],[-87.591183,41.469945],[-87.591412,41.469944],[-87.591917,41.46994],[-87.593435,41.469932],[-87.593941,41.469929],[-87.594209,41.469927],[-87.594243,41.469927],[-87.594361,41.469926],[-87.595382,41.469919],[-87.596653,41.469925],[-87.596738,41.469925],[-87.598247,41.469924],[-87.599054,41.469921],[-87.599861,41.469915],[-87.600582,41.46991],[-87.601482,41.469904],[-87.602378,41.469898],[-87.602469,41.469897],[-87.602691,41.469896],[-87.602742,41.469895],[-87.602834,41.469895],[-87.602924,41.469894],[-87.603196,41.469892],[-87.603287,41.469892],[-87.605073,41.46989],[-87.60666,41.469897],[-87.606683,41.469897],[-87.607164,41.469885],[-87.607651,41.469873],[-87.607706,41.469873],[-87.607736,41.469873],[-87.607778,41.469873],[-87.60791,41.469873],[-87.607952,41.469873],[-87.60816,41.469873],[-87.608288,41.469874],[-87.608897,41.469875],[-87.609284,41.469873],[-87.609585,41.469866],[-87.61116,41.46986],[-87.613486,41.469852],[-87.615813,41.469834],[-87.616004,41.469831],[-87.616134,41.469831],[-87.617185,41.469832],[-87.617407,41.469833],[-87.619045,41.469834],[-87.619225,41.469835],[-87.620212,41.469833],[-87.620152,41.469685],[-87.620032,41.469379],[-87.619912,41.469072],[-87.620293,41.469076],[-87.620265,41.469004],[-87.620229,41.468912],[-87.62013,41.468658],[-87.620079,41.468529],[-87.619335,41.466615],[-87.618908,41.465533],[-87.618645,41.46486],[-87.618423,41.464293],[-87.618835,41.464289],[-87.619195,41.464286],[-87.619458,41.464283],[-87.619719,41.464281],[-87.619979,41.464278],[-87.62021,41.464276],[-87.620261,41.464276],[-87.620371,41.464275],[-87.620372,41.464285],[-87.620503,41.464273],[-87.620542,41.464273],[-87.620667,41.464272],[-87.620786,41.46426],[-87.620785,41.464225],[-87.620784,41.464204],[-87.621295,41.464235],[-87.621277,41.464333],[-87.621333,41.464333],[-87.62172,41.464329],[-87.621894,41.464078],[-87.622419,41.464128],[-87.622419,41.464207],[-87.62242,41.464256],[-87.622522,41.464253],[-87.622783,41.464252],[-87.622972,41.464251],[-87.6229,41.46021],[-87.622906,41.460149],[-87.622924,41.460151],[-87.623749,41.46022],[-87.624771,41.460331],[-87.62518,41.460368],[-87.62554,41.4604],[-87.625583,41.460402],[-87.625712,41.460411],[-87.625756,41.460414],[-87.62579,41.460416],[-87.625892,41.460422],[-87.625926,41.460424],[-87.626179,41.46044],[-87.62688,41.460505],[-87.627451,41.460559],[-87.628251,41.460634],[-87.628286,41.460637],[-87.628706,41.460685],[-87.628839,41.4607],[-87.629161,41.460736],[-87.629739,41.460801],[-87.630531,41.46089],[-87.630693,41.460897],[-87.630776,41.460901],[-87.630931,41.460897],[-87.631098,41.460894],[-87.631647,41.460868],[-87.631886,41.460858],[-87.632452,41.460832],[-87.632495,41.460831],[-87.632785,41.460817],[-87.633656,41.460778],[-87.633947,41.460765],[-87.634,41.460762],[-87.63416,41.460754],[-87.634214,41.460752],[-87.634267,41.46075],[-87.634303,41.460748],[-87.634835,41.460723],[-87.636,41.46065],[-87.637156,41.460598],[-87.637364,41.460605],[-87.637363,41.460143],[-87.637345,41.457208],[-87.637341,41.456859],[-87.640948,41.456842],[-87.642152,41.456836],[-87.642189,41.458832],[-87.64375,41.458814],[-87.644021,41.458798],[-87.645894,41.458694],[-87.646519,41.45866],[-87.646501,41.458705],[-87.646449,41.458842],[-87.646433,41.458888],[-87.646376,41.459038],[-87.646204,41.45949],[-87.646148,41.459641],[-87.646115,41.459727],[-87.646016,41.459986],[-87.645984,41.460073],[-87.645888,41.460325],[-87.6456,41.461082],[-87.645505,41.461335],[-87.64547,41.461436],[-87.645365,41.461739],[-87.64533,41.46184],[-87.645457,41.46186],[-87.645841,41.46192],[-87.645969,41.46194],[-87.646062,41.461954],[-87.646343,41.461999],[-87.646437,41.462014],[-87.646727,41.462065],[-87.6476,41.46222],[-87.647891,41.462272],[-87.648312,41.462346],[-87.64842,41.462366],[-87.648757,41.462429],[-87.649576,41.462582],[-87.649998,41.462661],[-87.650319,41.462731],[-87.650527,41.462777],[-87.651271,41.462995],[-87.651587,41.463088],[-87.651703,41.463119],[-87.652053,41.463215],[-87.65217,41.463247],[-87.652345,41.463295],[-87.652363,41.4633],[-87.652871,41.463439],[-87.653047,41.463487],[-87.6531,41.4635],[-87.65326,41.46354],[-87.653314,41.463554],[-87.655975,41.464218],[-87.656414,41.464346],[-87.65676,41.46446],[-87.656956,41.464626],[-87.657649,41.465285],[-87.657786,41.465376],[-87.657943,41.465453],[-87.658762,41.465663],[-87.659059,41.465841],[-87.65997,41.46652],[-87.660694,41.467053],[-87.660935,41.467195],[-87.661296,41.467375],[-87.66172,41.467511],[-87.661704,41.465956],[-87.661727,41.465861],[-87.661773,41.465788],[-87.661838,41.465731],[-87.661876,41.465706],[-87.661804,41.464722],[-87.661733,41.463739],[-87.661718,41.46353],[-87.661703,41.463322],[-87.661695,41.463206],[-87.661686,41.463089],[-87.661549,41.461206],[-87.661411,41.459324],[-87.661388,41.458989],[-87.661365,41.458653],[-87.661294,41.457669],[-87.66128,41.457477],[-87.667439,41.457467],[-87.66751,41.457599],[-87.668624,41.457549],[-87.668563,41.457204],[-87.669864,41.457154],[-87.671013,41.457216],[-87.671003,41.456671],[-87.669046,41.456673],[-87.668597,41.456674],[-87.668584,41.455315],[-87.667054,41.455325],[-87.667042,41.454875],[-87.663882,41.454892],[-87.663878,41.451854],[-87.663933,41.451854],[-87.664182,41.451897],[-87.664635,41.451998],[-87.664853,41.452025],[-87.6649,41.451984],[-87.66489,41.451887],[-87.664908,41.451826],[-87.66494,41.451799],[-87.664981,41.451778],[-87.665072,41.45175],[-87.665218,41.451716],[-87.665263,41.451702],[-87.66549,41.451681],[-87.665528,41.451702],[-87.665564,41.451764],[-87.665587,41.452048],[-87.665583,41.452072],[-87.665583,41.452162],[-87.665542,41.45233],[-87.665528,41.452354],[-87.665547,41.452416],[-87.665619,41.45247],[-87.665675,41.452498],[-87.665793,41.452525],[-87.665884,41.452566],[-87.66593,41.452607],[-87.665958,41.452656],[-87.66604,41.452834],[-87.666048,41.452861],[-87.666149,41.452978],[-87.666222,41.453026],[-87.666235,41.453027],[-87.666304,41.453033],[-87.666486,41.453033],[-87.666732,41.453019],[-87.666874,41.453036],[-87.66707,41.453087],[-87.66717,41.453073],[-87.667193,41.453059],[-87.667389,41.452901],[-87.667388,41.452874],[-87.667352,41.452839],[-87.667161,41.45275],[-87.667051,41.452672],[-87.666987,41.45261],[-87.666904,41.452518],[-87.66674,41.452367],[-87.666667,41.452284],[-87.666613,41.452209],[-87.666604,41.452182],[-87.666576,41.452147],[-87.666547,41.452069],[-87.666525,41.451952],[-87.66654,41.451845],[-87.666594,41.451769],[-87.666703,41.451639],[-87.666749,41.451563],[-87.666756,41.451554],[-87.666794,41.451509],[-87.666939,41.451382],[-87.667057,41.451309],[-87.667167,41.451289],[-87.667263,41.451292],[-87.667549,41.451316],[-87.667658,41.451329],[-87.667744,41.451345],[-87.667869,41.451377],[-87.667978,41.451412],[-87.66804,41.451436],[-87.668106,41.451494],[-87.668116,41.451535],[-87.66837,41.45172],[-87.668453,41.451767],[-87.668557,41.451764],[-87.668598,41.451754],[-87.668717,41.451768],[-87.668772,41.451767],[-87.668972,41.451685],[-87.669217,41.451554],[-87.669318,41.451479],[-87.669457,41.451346],[-87.669491,41.451273],[-87.669484,41.451206],[-87.669426,41.451149],[-87.66938,41.451115],[-87.66927,41.451058],[-87.669046,41.450975],[-87.668943,41.450923],[-87.66877,41.450793],[-87.668729,41.450751],[-87.668716,41.450738],[-87.668661,41.450649],[-87.668654,41.450597],[-87.668648,41.450539],[-87.668641,41.450484],[-87.668624,41.450436],[-87.668596,41.450388],[-87.668505,41.450299],[-87.668468,41.450271],[-87.668431,41.450209],[-87.668432,41.450169],[-87.668514,41.450093],[-87.668568,41.450031],[-87.668587,41.449949],[-87.668568,41.449894],[-87.668522,41.449819],[-87.668522,41.449798],[-87.66855,41.449764],[-87.668581,41.449743],[-87.668661,41.449707],[-87.668768,41.449681],[-87.668877,41.449636],[-87.668914,41.449613],[-87.668968,41.449581],[-87.668996,41.449557],[-87.669014,41.449509],[-87.669009,41.449457],[-87.668995,41.449427],[-87.668949,41.449378],[-87.668906,41.449354],[-87.66874,41.449276],[-87.668676,41.449224],[-87.668648,41.449194],[-87.668649,41.449146],[-87.668658,41.449111],[-87.668721,41.449064],[-87.668789,41.449067],[-87.668921,41.449111],[-87.669059,41.44918],[-87.669114,41.449193],[-87.669168,41.4492],[-87.669213,41.449193],[-87.66925,41.449166],[-87.669277,41.449132],[-87.669264,41.449087],[-87.66924,41.449043],[-87.669049,41.448867],[-87.668985,41.448795],[-87.668925,41.448544],[-87.668884,41.448425],[-87.66883,41.448369],[-87.668747,41.448328],[-87.668729,41.448294],[-87.668748,41.448273],[-87.668788,41.448246],[-87.669005,41.448168],[-87.669129,41.448133],[-87.66923,41.448116],[-87.669385,41.448116],[-87.669512,41.448094],[-87.669611,41.44803],[-87.669758,41.448033],[-87.669831,41.448046],[-87.669877,41.448046],[-87.669904,41.448067],[-87.670132,41.44806],[-87.670186,41.448034],[-87.670324,41.447971],[-87.670405,41.447943],[-87.670551,41.447929],[-87.67059,41.447894],[-87.670614,41.447812],[-87.670579,41.44773],[-87.670423,41.447538],[-87.670405,41.447462],[-87.670404,41.447387],[-87.670413,41.447367],[-87.670458,41.447332],[-87.670604,41.447332],[-87.670702,41.447343],[-87.670743,41.447346],[-87.6708,41.447347],[-87.670909,41.447347],[-87.670907,41.447085],[-87.670906,41.446933],[-87.6709,41.4463],[-87.670898,41.446039],[-87.670893,41.445521],[-87.670874,41.444929],[-87.670871,41.443977],[-87.670871,41.443928],[-87.67087,41.443668],[-87.670867,41.442741],[-87.670867,41.442433],[-87.670866,41.442407],[-87.670866,41.442332],[-87.670866,41.442307],[-87.670866,41.44228],[-87.670866,41.442201],[-87.670866,41.442175],[-87.670582,41.442178],[-87.670299,41.44218],[-87.670251,41.44218],[-87.670141,41.44218],[-87.670125,41.442181],[-87.669622,41.442185],[-87.667969,41.442197],[-87.667906,41.442198],[-87.667838,41.442199],[-87.667245,41.442204],[-87.667028,41.442205],[-87.666723,41.442208],[-87.66638,41.442211],[-87.666165,41.442213],[-87.66595,41.442214],[-87.665305,41.442219],[-87.665091,41.442222],[-87.661397,41.442253],[-87.66137,41.440722],[-87.661304,41.436831],[-87.661291,41.436128],[-87.661311,41.434701],[-87.661309,41.434614],[-87.661308,41.43454],[-87.661307,41.43427],[-87.661305,41.433552],[-87.661297,41.431723],[-87.661284,41.430368],[-87.661283,41.43027],[-87.66132,41.430271],[-87.663413,41.430274],[-87.66356,41.430268],[-87.663746,41.430255],[-87.66393,41.430235],[-87.664026,41.430221],[-87.665203,41.429988],[-87.665238,41.429984],[-87.665346,41.429967],[-87.665451,41.429942],[-87.665553,41.429911],[-87.665651,41.429874],[-87.665744,41.42983],[-87.665824,41.429785],[-87.66644,41.429417],[-87.666493,41.429384],[-87.666554,41.429337],[-87.666608,41.429286],[-87.666654,41.42923],[-87.666692,41.429171],[-87.666721,41.429109],[-87.666741,41.429045],[-87.666751,41.42898],[-87.666751,41.428912],[-87.666745,41.428864],[-87.666716,41.42879],[-87.666674,41.428667],[-87.666642,41.428542],[-87.666619,41.428416],[-87.666606,41.428289],[-87.666602,41.428195],[-87.666596,41.427621],[-87.666595,41.427596],[-87.668851,41.427582],[-87.670673,41.427572],[-87.670671,41.42747],[-87.67067,41.427401],[-87.670666,41.427191],[-87.670663,41.427022],[-87.670629,41.425315],[-87.670612,41.42396],[-87.670612,41.423939],[-87.67061,41.42384],[-87.670569,41.420352],[-87.670567,41.420259],[-87.670588,41.419912],[-87.670518,41.413714],[-87.670556,41.413674],[-87.670711,41.413536],[-87.670829,41.413409],[-87.670893,41.41335],[-87.67113,41.413106],[-87.671293,41.412952],[-87.671311,41.412928],[-87.671493,41.412753],[-87.671706,41.412523],[-87.671948,41.412299],[-87.672311,41.412],[-87.67242,41.411918],[-87.672512,41.41186],[-87.67273,41.411746],[-87.672912,41.411629],[-87.672948,41.411601],[-87.673003,41.41154],[-87.673039,41.411492],[-87.673066,41.411437],[-87.673029,41.41095],[-87.672987,41.410747],[-87.672974,41.410716],[-87.67296,41.410657],[-87.672938,41.4106],[-87.672897,41.410424],[-87.672878,41.410115],[-87.672876,41.410045],[-87.672863,41.409583],[-87.672863,41.40935],[-87.672885,41.409223],[-87.672898,41.409199],[-87.672917,41.409131],[-87.672944,41.409096],[-87.67298,41.408993],[-87.673016,41.408918],[-87.673048,41.408838],[-87.673052,41.408828],[-87.673162,41.408629],[-87.673171,41.408601],[-87.673208,41.408553],[-87.673225,41.408519],[-87.673535,41.408032],[-87.673543,41.408004],[-87.673589,41.407942],[-87.673598,41.407915],[-87.673748,41.407709],[-87.673807,41.40764],[-87.673926,41.407537],[-87.674352,41.407249],[-87.674472,41.407174],[-87.674721,41.407021],[-87.675044,41.406829],[-87.6756,41.406526],[-87.676249,41.406183],[-87.676509,41.406051],[-87.676937,41.405825],[-87.676969,41.405805],[-87.677019,41.405763],[-87.677101,41.40568],[-87.677137,41.405605],[-87.677164,41.405522],[-87.677295,41.405052],[-87.677341,41.40486],[-87.677404,41.404551],[-87.677663,41.40406],[-87.677749,41.403916],[-87.67779,41.403826],[-87.677881,41.40371],[-87.677925,41.403642],[-87.677953,41.403614],[-87.678008,41.403524],[-87.678035,41.403497],[-87.678181,41.403229],[-87.678416,41.402817],[-87.678488,41.40268],[-87.678544,41.40259],[-87.678612,41.402467],[-87.678634,41.402412],[-87.678652,41.40238],[-87.678807,41.402117],[-87.678943,41.401869],[-87.679088,41.401587],[-87.67912,41.401539],[-87.679314,41.401114],[-87.679343,41.401086],[-87.67936,41.401052],[-87.679442,41.40097],[-87.679551,41.400887],[-87.679615,41.400846],[-87.679733,41.400791],[-87.679799,41.400769],[-87.679992,41.400715],[-87.679983,41.400257],[-87.679957,41.398886],[-87.679949,41.398429],[-87.678027,41.398443],[-87.67711,41.39845],[-87.6739,41.398464],[-87.672263,41.398475],[-87.670342,41.39849],[-87.670148,41.383974],[-87.679687,41.383904],[-87.67981,41.383904],[-87.679807,41.383571],[-87.679797,41.382271],[-87.679753,41.377423],[-87.679713,41.373052],[-87.683332,41.373024],[-87.683313,41.369375],[-87.684943,41.369367],[-87.689346,41.369344],[-87.689291,41.363468],[-87.689274,41.361735],[-87.689226,41.356539],[-87.68921,41.354807],[-87.690123,41.354795],[-87.691103,41.354788],[-87.695514,41.354759],[-87.696783,41.354736],[-87.698677,41.354703],[-87.698773,41.354701],[-87.699397,41.354689],[-87.700411,41.354684],[-87.703459,41.35467],[-87.705617,41.35465],[-87.707352,41.354635],[-87.707565,41.354633],[-87.707624,41.354633],[-87.708181,41.354634],[-87.708204,41.354632],[-87.708418,41.354623],[-87.708447,41.35753],[-87.708491,41.361831],[-87.71516,41.36187],[-87.718151,41.361888],[-87.718076,41.355431],[-87.718066,41.354569],[-87.718467,41.354567],[-87.719076,41.354563],[-87.723803,41.35452],[-87.72765,41.354486],[-87.727652,41.351577],[-87.727657,41.347212],[-87.727592,41.34285],[-87.72755,41.339942],[-87.724573,41.339967],[-87.719443,41.340011],[-87.715642,41.340044],[-87.71283,41.340069],[-87.712665,41.34007],[-87.711798,41.340075],[-87.709197,41.340092],[-87.708331,41.340099],[-87.7083,41.337191],[-87.70821,41.328467],[-87.70818,41.32556],[-87.704328,41.325593],[-87.692774,41.325694],[-87.688923,41.325729],[-87.687882,41.325737],[-87.68476,41.325761],[-87.683801,41.325769],[-87.68372,41.32577],[-87.683648,41.326112],[-87.683485,41.326482],[-87.68343,41.326634],[-87.683344,41.326829],[-87.683321,41.326936],[-87.683299,41.326981],[-87.683276,41.327087],[-87.683158,41.327423],[-87.683081,41.327598],[-87.683058,41.327725],[-87.682958,41.328007],[-87.682863,41.328223],[-87.682803,41.328494],[-87.682776,41.328529],[-87.682722,41.328721],[-87.682704,41.328817],[-87.68269,41.328841],[-87.682667,41.328955],[-87.682641,41.329029],[-87.682587,41.329149],[-87.682572,41.329184],[-87.682549,41.329311],[-87.6825,41.32941],[-87.682454,41.329593],[-87.682436,41.329623],[-87.682414,41.329723],[-87.682395,41.329757],[-87.68235,41.329809],[-87.682122,41.329984],[-87.682058,41.330018],[-87.682013,41.330032],[-87.681977,41.330053],[-87.681877,41.330087],[-87.68184,41.330108],[-87.68174,41.330135],[-87.681658,41.330177],[-87.681632,41.330176],[-87.681541,41.330228],[-87.681423,41.330279],[-87.681386,41.330286],[-87.681304,41.330327],[-87.681258,41.330334],[-87.681223,41.330355],[-87.681086,41.330417],[-87.681041,41.33043],[-87.681004,41.330451],[-87.680886,41.330478],[-87.680686,41.33054],[-87.680581,41.330578],[-87.68054,41.330588],[-87.68004,41.330821],[-87.679832,41.330911],[-87.679759,41.330925],[-87.679667,41.330973],[-87.679577,41.331014],[-87.67954,41.331021],[-87.679459,41.331062],[-87.67934,41.331103],[-87.679304,41.331124],[-87.679014,41.331192],[-87.678549,41.331254],[-87.678358,41.331274],[-87.677922,41.331302],[-87.677472,41.331326],[-87.677372,41.33134],[-87.676904,41.331385],[-87.676408,41.331423],[-87.675926,41.331491],[-87.675858,41.331494],[-87.675667,41.331535],[-87.675422,41.331714],[-87.6754,41.331739],[-87.675395,41.331762],[-87.675346,41.33181],[-87.67534,41.331838],[-87.675295,41.331879],[-87.675276,41.331913],[-87.675249,41.33194],[-87.674986,41.332284],[-87.674757,41.332607],[-87.674751,41.332625],[-87.674722,41.332661],[-87.674691,41.332764],[-87.674635,41.33285],[-87.674613,41.333032],[-87.674595,41.33376],[-87.674599,41.334172],[-87.674628,41.336681],[-87.674656,41.337621],[-87.674679,41.337735],[-87.674684,41.33775],[-87.674724,41.337865],[-87.674796,41.338022],[-87.674842,41.338071],[-87.674893,41.338188],[-87.674949,41.338282],[-87.675079,41.338428],[-87.675116,41.33849],[-87.675165,41.338546],[-87.675479,41.338826],[-87.675543,41.338894],[-87.67567,41.339046],[-87.675679,41.339069],[-87.675706,41.339093],[-87.675715,41.339135],[-87.675733,41.339176],[-87.675761,41.339197],[-87.67578,41.339244],[-87.675798,41.339499],[-87.675803,41.339753],[-87.675815,41.340353],[-87.674602,41.340362],[-87.670964,41.340391],[-87.669752,41.340402],[-87.669749,41.339877],[-87.669741,41.338303],[-87.669739,41.337779],[-87.669727,41.335403],[-87.66972,41.333947],[-87.669662,41.328277],[-87.669638,41.325902],[-87.669624,41.324432],[-87.669582,41.320024],[-87.669569,41.318555],[-87.669555,41.317105],[-87.669514,41.312756],[-87.669501,41.311307],[-87.669495,41.310594],[-87.669477,41.308457],[-87.669471,41.307745],[-87.669452,41.305551],[-87.669398,41.298971],[-87.66938,41.296778],[-87.684259,41.296681],[-87.68454,41.296676],[-87.685378,41.296669],[-87.687865,41.296653],[-87.688648,41.296648],[-87.688672,41.299448],[-87.688744,41.307848],[-87.688769,41.310649],[-87.688769,41.310753],[-87.688772,41.311066],[-87.688773,41.311171],[-87.690165,41.311161],[-87.694345,41.311134],[-87.695738,41.311125],[-87.695756,41.311096],[-87.6958,41.311055],[-87.695819,41.311014],[-87.695901,41.310938],[-87.696202,41.310727],[-87.696323,41.310644],[-87.69696,41.310231],[-87.69701,41.310211],[-87.697073,41.310176],[-87.697142,41.310128],[-87.69742,41.309963],[-87.697492,41.309928],[-87.697759,41.309724],[-87.697992,41.309548],[-87.698019,41.30951],[-87.698229,41.309324],[-87.699183,41.308665],[-87.699496,41.30842],[-87.699583,41.308315],[-87.699701,41.308185],[-87.699729,41.308164],[-87.699737,41.308137],[-87.699773,41.308095],[-87.699792,41.308054],[-87.699942,41.307924],[-87.700065,41.307869],[-87.700201,41.307779],[-87.700237,41.307772],[-87.700373,41.307683],[-87.700742,41.307396],[-87.700955,41.307219],[-87.701073,41.307134],[-87.701132,41.307093],[-87.701391,41.30692],[-87.701601,41.30676],[-87.701692,41.306653],[-87.701765,41.306584],[-87.701773,41.306557],[-87.701828,41.306454],[-87.701855,41.306282],[-87.701805,41.306066],[-87.701764,41.305952],[-87.701747,41.305863],[-87.701701,41.305815],[-87.701646,41.305692],[-87.701491,41.305232],[-87.701469,41.305139],[-87.701455,41.305109],[-87.701213,41.304027],[-87.701186,41.303835],[-87.701199,41.303516],[-87.701414,41.30335],[-87.701636,41.303248],[-87.702146,41.30289],[-87.702723,41.302458],[-87.702773,41.302438],[-87.702828,41.302403],[-87.702873,41.302396],[-87.702936,41.302375],[-87.703146,41.302362],[-87.703282,41.302341],[-87.703304,41.302327],[-87.703564,41.302214],[-87.703628,41.302176],[-87.703655,41.302177],[-87.704336,41.301871],[-87.704436,41.301819],[-87.704601,41.301695],[-87.704637,41.301626],[-87.704657,41.301543],[-87.704678,41.301424],[-87.704704,41.301212],[-87.704713,41.301053],[-87.704737,41.300212],[-87.704758,41.30003],[-87.70489,41.299746],[-87.704927,41.299505],[-87.704918,41.299457],[-87.704828,41.299347],[-87.704554,41.299142],[-87.704427,41.299059],[-87.704322,41.298971],[-87.704282,41.298922],[-87.704262,41.298904],[-87.704236,41.298881],[-87.704236,41.298853],[-87.704208,41.298832],[-87.704181,41.298757],[-87.704136,41.298709],[-87.704108,41.29864],[-87.704086,41.298458],[-87.704104,41.298259],[-87.704172,41.298112],[-87.704202,41.298017],[-87.704226,41.297961],[-87.70428,41.297898],[-87.70429,41.297871],[-87.704353,41.297796],[-87.704563,41.29761],[-87.704609,41.297576],[-87.70484,41.297432],[-87.704927,41.297397],[-87.705008,41.297356],[-87.705081,41.297342],[-87.705254,41.297266],[-87.705317,41.297233],[-87.705345,41.297233],[-87.705436,41.297184],[-87.705472,41.297184],[-87.705504,41.297164],[-87.705554,41.297143],[-87.705591,41.297122],[-87.705672,41.297102],[-87.705754,41.297061],[-87.7058,41.297049],[-87.705863,41.297012],[-87.7059,41.297008],[-87.706,41.296951],[-87.706136,41.296844],[-87.706192,41.296771],[-87.706198,41.296753],[-87.706226,41.296717],[-87.706272,41.296635],[-87.706294,41.296483],[-87.70658,41.296479],[-87.707448,41.296472],[-87.707738,41.296469],[-87.707816,41.296468],[-87.70792,41.296468],[-87.708052,41.296473],[-87.708131,41.296478],[-87.711023,41.296454],[-87.719701,41.296386],[-87.722594,41.296363],[-87.723492,41.296353],[-87.726189,41.296323],[-87.72709,41.296315],[-87.727174,41.296314],[-87.730179,41.296288],[-87.739446,41.296214],[-87.742537,41.296189],[-87.743339,41.296178],[-87.745752,41.296148],[-87.74644,41.29614],[-87.746555,41.296138],[-87.747513,41.29613],[-87.750383,41.29611],[-87.75128,41.296104],[-87.751341,41.2961],[-87.751401,41.296103],[-87.752005,41.296097],[-87.754,41.296081],[-87.754494,41.296078],[-87.754649,41.296073],[-87.754666,41.296073],[-87.756105,41.296059],[-87.760422,41.296022],[-87.761862,41.29601],[-87.762539,41.296004],[-87.76457,41.295989],[-87.765248,41.295985],[-87.76557,41.295982],[-87.766387,41.295974],[-87.76981,41.295945],[-87.770952,41.295936],[-87.773093,41.295921],[-87.779519,41.295877],[-87.781662,41.295863],[-87.781646,41.294941],[-87.781598,41.292178],[-87.781583,41.291257],[-87.781614,41.291244],[-87.781718,41.291204],[-87.78175,41.291198],[-87.781823,41.291163],[-87.782087,41.291055],[-87.783026,41.290694],[-87.783609,41.29049],[-87.7837,41.290462],[-87.783957,41.290372],[-87.78401,41.29036],[-87.784055,41.29034],[-87.784659,41.29014],[-87.784711,41.290129],[-87.784757,41.290108],[-87.785058,41.290013],[-87.785257,41.289945],[-87.785555,41.28985],[-87.786189,41.289651],[-87.786296,41.289626],[-87.786406,41.289584],[-87.786579,41.289503],[-87.78667,41.289448],[-87.786734,41.289396],[-87.786807,41.289318],[-87.786825,41.289284],[-87.786926,41.289002],[-87.78694,41.288945],[-87.787101,41.288563],[-87.787185,41.288324],[-87.787211,41.288262],[-87.787304,41.288118],[-87.787359,41.288009],[-87.787368,41.287967],[-87.787469,41.287707],[-87.787497,41.287673],[-87.787506,41.287645],[-87.787551,41.287584],[-87.787652,41.287495],[-87.787724,41.28744],[-87.787857,41.287358],[-87.787925,41.287324],[-87.788189,41.287173],[-87.788222,41.28717],[-87.788272,41.287153],[-87.788681,41.287052],[-87.788755,41.287024],[-87.788791,41.287018],[-87.788845,41.28699],[-87.788882,41.286984],[-87.788927,41.286963],[-87.788974,41.286949],[-87.789146,41.286885],[-87.789374,41.286786],[-87.789565,41.28669],[-87.789789,41.286553],[-87.792202,41.284844],[-87.794273,41.283368],[-87.795401,41.282558],[-87.798599,41.280264],[-87.798791,41.280133],[-87.798809,41.2801],[-87.798809,41.280088],[-87.799181,41.280084],[-87.8003,41.280076],[-87.800673,41.280074],[-87.800796,41.280072],[-87.801165,41.280068],[-87.801289,41.280067],[-87.801284,41.279928],[-87.801288,41.279904],[-87.80128,41.279757],[-87.801277,41.279606],[-87.801262,41.278761],[-87.801263,41.278597],[-87.801251,41.278222],[-87.801239,41.277834],[-87.801202,41.277772],[-87.801229,41.277738],[-87.802786,41.276706],[-87.80315,41.276459],[-87.803911,41.275958],[-87.804085,41.275845],[-87.804979,41.275243],[-87.80648,41.274244],[-87.807041,41.273876],[-87.807142,41.273814],[-87.807342,41.273654],[-87.807516,41.273458],[-87.807552,41.27341],[-87.807579,41.273383],[-87.807634,41.273294],[-87.807699,41.27317],[-87.807808,41.272979],[-87.807901,41.2728],[-87.807928,41.272773],[-87.808075,41.27254],[-87.808084,41.272513],[-87.808111,41.272478],[-87.808157,41.272383],[-87.808194,41.272334],[-87.808204,41.272307],[-87.808286,41.272191],[-87.808441,41.27193],[-87.808533,41.271718],[-87.808547,41.271646],[-87.808571,41.271388],[-87.808571,41.271327],[-87.808559,41.271179],[-87.808529,41.270558],[-87.808516,41.27045],[-87.808471,41.269473],[-87.808471,41.269363],[-87.808499,41.269157],[-87.80855,41.26892],[-87.808568,41.268858],[-87.808628,41.268704],[-87.808674,41.268601],[-87.808784,41.268414],[-87.808812,41.268368],[-87.808821,41.268341],[-87.808848,41.268313],[-87.808857,41.268286],[-87.808876,41.268269],[-87.808903,41.268231],[-87.809058,41.268053],[-87.809146,41.267909],[-87.809196,41.267814],[-87.809251,41.26769],[-87.809289,41.267553],[-87.809293,41.267508],[-87.809275,41.267329],[-87.809213,41.267034],[-87.809153,41.266823],[-87.809101,41.26668],[-87.80901,41.266488],[-87.809003,41.266447],[-87.80893,41.266344],[-87.808911,41.266302],[-87.808874,41.26617],[-87.808849,41.266116],[-87.808831,41.266055],[-87.808814,41.26602],[-87.808808,41.265976],[-87.808741,41.265746],[-87.808701,41.265578],[-87.808661,41.265471],[-87.80865,41.265416],[-87.810884,41.265399],[-87.817586,41.265348],[-87.81982,41.265331],[-87.819835,41.267477],[-87.819882,41.273918],[-87.819898,41.276065],[-87.819484,41.276846],[-87.818244,41.279191],[-87.817832,41.279973],[-87.817933,41.279971],[-87.818238,41.279967],[-87.81834,41.279966],[-87.818657,41.279961],[-87.819609,41.279948],[-87.819927,41.279945],[-87.823218,41.279907],[-87.833091,41.279797],[-87.836383,41.27976],[-87.836496,41.279744],[-87.836666,41.279713],[-87.836833,41.279668],[-87.836995,41.27961],[-87.837149,41.279543],[-87.837296,41.279464],[-87.837433,41.279374],[-87.837559,41.279275],[-87.837672,41.279167],[-87.837772,41.279052],[-87.837857,41.27893],[-87.839048,41.276423],[-87.839068,41.275201],[-87.839103,41.273111],[-87.839088,41.272385],[-87.841557,41.272367],[-87.841106,41.273107],[-87.838642,41.278004],[-87.837509,41.280424],[-87.835241,41.28522],[-87.832865,41.290233],[-87.830816,41.294484],[-87.830489,41.29524],[-87.830629,41.295238],[-87.830848,41.295234],[-87.832419,41.295218],[-87.837789,41.295168],[-87.83958,41.295152],[-87.840159,41.295141],[-87.841898,41.295111],[-87.84248,41.295102],[-87.842535,41.295101],[-87.842565,41.296899],[-87.842591,41.298375],[-87.842671,41.302295],[-87.842709,41.304094],[-87.842829,41.304079],[-87.84302,41.304066],[-87.84324,41.304023],[-87.843357,41.303991],[-87.843394,41.303984],[-87.843457,41.303957],[-87.843503,41.303923],[-87.843594,41.303834],[-87.843658,41.303759],[-87.843704,41.303697],[-87.843741,41.303608],[-87.843755,41.303549],[-87.843796,41.30347],[-87.843823,41.303388],[-87.843828,41.303323],[-87.843865,41.3032],[-87.843916,41.303066],[-87.844087,41.302424],[-87.844106,41.302328],[-87.844141,41.30207],[-87.844147,41.30203],[-87.844148,41.301926],[-87.844099,41.301662],[-87.844073,41.301463],[-87.844041,41.301384],[-87.844016,41.301007],[-87.844017,41.300808],[-87.844005,41.300522],[-87.844,41.300498],[-87.843997,41.300083],[-87.843985,41.299819],[-87.843998,41.299658],[-87.843996,41.299297],[-87.844018,41.299177],[-87.844088,41.299009],[-87.844171,41.298858],[-87.84418,41.298831],[-87.844262,41.298714],[-87.84449,41.298509],[-87.844605,41.298426],[-87.844645,41.298406],[-87.844942,41.298201],[-87.845019,41.29816],[-87.845104,41.298124],[-87.845256,41.298078],[-87.84543,41.298037],[-87.845483,41.298031],[-87.84553,41.298017],[-87.845561,41.298014],[-87.845775,41.297963],[-87.845853,41.297952],[-87.845994,41.297915],[-87.846249,41.297861],[-87.84664,41.297759],[-87.846672,41.297755],[-87.847023,41.297671],[-87.847114,41.297643],[-87.847378,41.297575],[-87.847505,41.297535],[-87.847578,41.297507],[-87.847615,41.297501],[-87.847661,41.29748],[-87.847697,41.297473],[-87.847742,41.297453],[-87.847797,41.297439],[-87.847943,41.297377],[-87.848299,41.2972],[-87.84844,41.297111],[-87.848795,41.296865],[-87.84883,41.296847],[-87.848864,41.296831],[-87.849009,41.296749],[-87.849288,41.29657],[-87.84963,41.2964],[-87.849743,41.296332],[-87.849908,41.296223],[-87.850076,41.296133],[-87.85019,41.296065],[-87.850369,41.295938],[-87.850496,41.295812],[-87.850533,41.295723],[-87.850561,41.29562],[-87.850617,41.295277],[-87.850668,41.295047],[-87.850684,41.294988],[-87.850856,41.294984],[-87.851379,41.294978],[-87.851554,41.294977],[-87.851571,41.294976],[-87.853053,41.294959],[-87.857557,41.294907],[-87.859058,41.294891],[-87.859631,41.294879],[-87.861353,41.294843],[-87.86179,41.294835],[-87.861927,41.294832],[-87.865491,41.294789],[-87.876187,41.294658],[-87.879753,41.294617],[-87.881427,41.294587],[-87.886455,41.294506],[-87.888071,41.294479],[-87.888133,41.294479],[-87.888191,41.294477],[-87.888605,41.294471],[-87.890029,41.294445],[-87.890505,41.29444],[-87.890639,41.29455],[-87.890678,41.297304],[-87.890804,41.306087],[-87.890847,41.309015],[-87.892824,41.308988],[-87.894827,41.308961],[-87.898756,41.308894],[-87.900576,41.308864],[-87.900734,41.308856],[-87.901761,41.308836],[-87.904843,41.30878],[-87.905871,41.308761],[-87.905883,41.308761],[-87.90869,41.30872],[-87.911813,41.308676],[-87.917148,41.308591],[-87.918478,41.308571],[-87.919968,41.30854],[-87.919926,41.307103],[-87.919806,41.302893],[-87.919804,41.302793],[-87.919779,41.301357],[-87.919771,41.300958],[-87.919767,41.300695],[-87.919757,41.299763],[-87.919754,41.299365],[-87.91975,41.29893],[-87.919728,41.298287],[-87.919654,41.296053],[-87.91964,41.295054],[-87.919625,41.293976],[-87.919766,41.293973],[-87.921282,41.293945],[-87.925836,41.293865],[-87.92671,41.293849],[-87.927354,41.293837],[-87.931111,41.293759],[-87.931593,41.293749],[-87.936476,41.293644],[-87.942382,41.293547],[-87.946141,41.293488],[-87.948587,41.293444],[-87.955794,41.293318],[-87.95593,41.293315],[-87.958129,41.293277],[-87.958375,41.293274],[-87.958633,41.293271],[-87.95941,41.293261],[-87.959668,41.29326],[-87.960154,41.293253],[-87.961616,41.293238],[-87.962104,41.293234],[-87.966229,41.29315],[-87.976028,41.293013],[-87.976328,41.292994],[-87.97659,41.292989],[-87.994682,41.292713],[-87.995127,41.292707],[-87.996464,41.292691],[-87.99657,41.29269],[-87.99691,41.292686],[-87.997852,41.292671],[-88.000681,41.29263],[-88.001625,41.292618],[-88.002176,41.292609],[-88.003835,41.292584],[-88.004388,41.292577],[-88.006293,41.29255],[-88.012011,41.292473],[-88.013919,41.292447],[-88.013909,41.291874],[-88.013885,41.290157],[-88.013877,41.289587],[-88.013867,41.28886],[-88.013849,41.288296],[-88.013756,41.285268],[-88.013737,41.284429],[-88.01371,41.28314],[-88.013814,41.283147],[-88.014033,41.283315],[-88.014179,41.283476],[-88.014197,41.28351],[-88.014224,41.283538],[-88.014271,41.28362],[-88.014307,41.283668],[-88.014527,41.284148],[-88.014563,41.284251],[-88.01459,41.284292],[-88.014673,41.284368],[-88.014714,41.284395],[-88.014838,41.284457],[-88.015015,41.284467],[-88.015074,41.284449],[-88.01511,41.284429],[-88.015137,41.284429],[-88.015201,41.284394],[-88.015351,41.284298],[-88.016009,41.283858],[-88.016365,41.283584],[-88.016591,41.283411],[-88.016609,41.283376],[-88.0167,41.283273],[-88.016764,41.283211],[-88.016773,41.283177],[-88.016817,41.283136],[-88.016854,41.283053],[-88.01688,41.282881],[-88.016881,41.28282],[-88.016853,41.282703],[-88.016817,41.28262],[-88.01677,41.282545],[-88.016726,41.282497],[-88.016698,41.282449],[-88.01657,41.282298],[-88.016525,41.282257],[-88.016525,41.282237],[-88.016507,41.28222],[-88.016479,41.282168],[-88.016434,41.282113],[-88.016424,41.282086],[-88.016397,41.282058],[-88.016341,41.281942],[-88.016318,41.281842],[-88.016239,41.281043],[-88.01627,41.280902],[-88.016311,41.280781],[-88.016475,41.280644],[-88.016557,41.280589],[-88.016656,41.280534],[-88.016728,41.280499],[-88.016875,41.28039],[-88.01691,41.280355],[-88.016911,41.280334],[-88.016938,41.2803],[-88.016958,41.280216],[-88.016973,41.280108],[-88.016955,41.280046],[-88.016909,41.279997],[-88.016809,41.279923],[-88.016781,41.279908],[-88.016516,41.279859],[-88.016427,41.279834],[-88.016281,41.27982],[-88.016236,41.279821],[-88.015944,41.27978],[-88.015835,41.279759],[-88.015707,41.279684],[-88.01568,41.279656],[-88.015652,41.279616],[-88.01567,41.279491],[-88.015697,41.279464],[-88.015725,41.279403],[-88.015888,41.279258],[-88.015938,41.279223],[-88.016051,41.279162],[-88.016197,41.27912],[-88.016361,41.279106],[-88.016498,41.279113],[-88.016625,41.279126],[-88.016761,41.279161],[-88.016835,41.279187],[-88.017154,41.27927],[-88.017274,41.279286],[-88.017572,41.279304],[-88.017672,41.279284],[-88.017763,41.279229],[-88.017895,41.27912],[-88.017963,41.279043],[-88.017985,41.278882],[-88.017963,41.278769],[-88.01788,41.278679],[-88.017661,41.278515],[-88.017424,41.278454],[-88.01705,41.278371],[-88.01695,41.278309],[-88.016955,41.278237],[-88.016982,41.278165],[-88.016786,41.278141],[-88.016503,41.278098],[-88.013598,41.278102],[-88.013559,41.276631],[-88.013443,41.27216],[-88.013411,41.270865],[-88.013407,41.270674],[-88.02685,41.270725],[-88.026881,41.270561],[-88.026913,41.270488],[-88.02694,41.270461],[-88.026968,41.270399],[-88.027059,41.270302],[-88.027086,41.27029],[-88.027276,41.270152],[-88.027349,41.270124],[-88.027404,41.27011],[-88.027499,41.270099],[-88.02754,41.270086],[-88.0277,41.270065],[-88.027759,41.270048],[-88.028105,41.270013],[-88.028268,41.269985],[-88.028304,41.269964],[-88.028332,41.269964],[-88.028377,41.269937],[-88.028477,41.269861],[-88.028514,41.269826],[-88.028525,41.269771],[-88.028508,41.269542],[-88.028534,41.26924],[-88.028584,41.269133],[-88.02863,41.269092],[-88.028629,41.269072],[-88.028811,41.26892],[-88.028915,41.268845],[-88.029229,41.268693],[-88.029293,41.268672],[-88.029328,41.268652],[-88.029429,41.268617],[-88.029465,41.268597],[-88.02951,41.268583],[-88.029547,41.268562],[-88.029593,41.268549],[-88.029702,41.268479],[-88.029901,41.268328],[-88.02992,41.268293],[-88.029965,41.268252],[-88.030023,41.268036],[-88.030046,41.267991],[-88.030091,41.267805],[-88.030127,41.26771],[-88.030168,41.267654],[-88.030327,41.267517],[-88.030499,41.267393],[-88.030563,41.267365],[-88.030758,41.267242],[-88.03079,41.267235],[-88.030863,41.267173],[-88.03088,41.267132],[-88.030981,41.267039],[-88.031007,41.267008],[-88.031043,41.266932],[-88.031058,41.266874],[-88.031044,41.266651],[-88.030997,41.266521],[-88.030951,41.266452],[-88.030859,41.266253],[-88.030878,41.266123],[-88.030914,41.266081],[-88.031007,41.266011],[-88.031278,41.265984],[-88.031424,41.266012],[-88.031488,41.266043],[-88.031552,41.26608],[-88.031643,41.266101],[-88.031715,41.266101],[-88.031743,41.266086],[-88.031824,41.266025],[-88.03181,41.26596],[-88.03175,41.265798],[-88.031731,41.265586],[-88.03179,41.265225],[-88.031807,41.265194],[-88.031839,41.265091],[-88.03184,41.26505],[-88.031867,41.26503],[-88.032011,41.264713],[-88.032024,41.264525],[-88.031987,41.26438],[-88.031955,41.264308],[-88.031918,41.264096],[-88.031753,41.263966],[-88.031571,41.263842],[-88.031471,41.263767],[-88.031398,41.263692],[-88.031379,41.263643],[-88.031389,41.26354],[-88.031406,41.263458],[-88.031433,41.26343],[-88.031397,41.263389],[-88.031424,41.263362],[-88.031461,41.263314],[-88.031497,41.263286],[-88.031506,41.263258],[-88.031642,41.263108],[-88.031706,41.263056],[-88.031761,41.262984],[-88.03195,41.262829],[-88.032238,41.262614],[-88.032245,41.259881],[-88.032269,41.251683],[-88.032277,41.248951],[-88.028405,41.248967],[-88.01679,41.249018],[-88.016535,41.24902],[-88.013856,41.249032],[-88.012919,41.24905],[-88.01291,41.248555],[-88.012889,41.247078],[-88.012883,41.246587],[-88.012875,41.246208],[-88.012851,41.245074],[-88.012843,41.244696],[-88.012835,41.244318],[-88.012811,41.243185],[-88.012803,41.242808],[-88.012788,41.242258],[-88.012747,41.240613],[-88.012734,41.240065],[-88.012721,41.23945],[-88.012683,41.237611],[-88.012672,41.237],[-88.012663,41.236531],[-88.012638,41.235126],[-88.012631,41.234659],[-88.012622,41.234521],[-88.01648,41.234503],[-88.018527,41.234494],[-88.028055,41.234451],[-88.031914,41.234434],[-88.031889,41.23363],[-88.031816,41.231218],[-88.031792,41.230414],[-88.031771,41.229729],[-88.031757,41.229265],[-88.031746,41.228692],[-88.031732,41.228273],[-88.03172,41.228166],[-88.031725,41.228057],[-88.031713,41.22773],[-88.03171,41.227675],[-88.031673,41.226992],[-88.031649,41.226555],[-88.03162,41.225022],[-88.031556,41.221499],[-88.031504,41.219112],[-88.031499,41.218878],[-88.031444,41.217443],[-88.031434,41.217282],[-88.031511,41.217167],[-88.03162,41.21724],[-88.031884,41.217442],[-88.032214,41.217714],[-88.03244,41.21793],[-88.032695,41.21816],[-88.03291,41.2184],[-88.03332,41.218844],[-88.033328,41.218852],[-88.0367,41.22272],[-88.03749,41.22356],[-88.038227,41.224413],[-88.0385,41.22473],[-88.03894,41.22514],[-88.03935,41.22546],[-88.0399,41.22583],[-88.040138,41.225963],[-88.040326,41.223904],[-88.040319,41.221563],[-88.039952,41.221137],[-88.039131,41.22029],[-88.038628,41.219711],[-88.038223,41.219244],[-88.037305,41.2186],[-88.036738,41.218292],[-88.036534,41.218183],[-88.035684,41.217772],[-88.035441,41.217628],[-88.035064,41.217403],[-88.034476,41.217029],[-88.033802,41.216504],[-88.033397,41.215969],[-88.032695,41.214821],[-88.032342,41.214405],[-88.032057,41.214217],[-88.031658,41.213955],[-88.031379,41.213735],[-88.031054,41.213478],[-88.030385,41.213048],[-88.029639,41.212715],[-88.029396,41.212556],[-88.028726,41.212116],[-88.028405,41.2118],[-88.028094,41.211494],[-88.027997,41.211398],[-88.02731,41.210764],[-88.026931,41.210498],[-88.026158,41.210145],[-88.025131,41.209615],[-88.024171,41.209232],[-88.023143,41.208902],[-88.022286,41.208709],[-88.021583,41.208569],[-88.02088,41.208429],[-88.019473,41.208365],[-88.017522,41.208175],[-88.016104,41.208059],[-88.014788,41.208038],[-88.013701,41.208096],[-88.012751,41.208162],[-88.011891,41.208191],[-88.01189,41.20817],[-88.011886,41.208043],[-88.011884,41.208006],[-88.011882,41.207914],[-88.011874,41.207631],[-88.01187,41.207513],[-88.011866,41.207349],[-88.01181,41.205508],[-88.029474,41.205283],[-88.029701,41.20528],[-88.031082,41.205262],[-88.031174,41.205261],[-88.035978,41.205199],[-88.047525,41.20505],[-88.050502,41.205011],[-88.055318,41.204949],[-88.055431,41.204948],[-88.058643,41.204905],[-88.060158,41.204886],[-88.064994,41.204822],[-88.06991,41.204758],[-88.070018,41.204756],[-88.073512,41.204703],[-88.07407,41.204695],[-88.074181,41.204693],[-88.076881,41.204653],[-88.077247,41.204647],[-88.07906,41.20462],[-88.089375,41.204464],[-88.089448,41.204038],[-88.089227,41.190185],[-88.091202,41.190157],[-88.097129,41.190076],[-88.099105,41.190049],[-88.101032,41.190022],[-88.106816,41.189943],[-88.108744,41.189917],[-88.11268,41.189903],[-88.113633,41.1899],[-88.118566,41.189864],[-88.12449,41.189774],[-88.128427,41.189715],[-88.128427,41.18965],[-88.128429,41.189457],[-88.12843,41.189393],[-88.130206,41.189353],[-88.135535,41.189234],[-88.137312,41.189195],[-88.137467,41.189191],[-88.137933,41.189181],[-88.138027,41.189179],[-88.138089,41.189178],[-88.139999,41.189139],[-88.145732,41.189023],[-88.147643,41.188985],[-88.14772,41.190834],[-88.147795,41.19261],[-88.1479,41.196205],[-88.147899,41.196339],[-88.147895,41.196384],[-88.14789,41.196473],[-88.147872,41.196606],[-88.147845,41.196739],[-88.147619,41.197701],[-88.147617,41.197713],[-88.147614,41.197744],[-88.147616,41.197787],[-88.147627,41.197829],[-88.147647,41.19787],[-88.147674,41.197908],[-88.147708,41.197942],[-88.147748,41.197972],[-88.147794,41.197998],[-88.147828,41.198012],[-88.147844,41.198018],[-88.147918,41.198042],[-88.147909,41.198058],[-88.147865,41.198121],[-88.14779,41.198327],[-88.147701,41.198529],[-88.147648,41.198703],[-88.147586,41.198836],[-88.147581,41.198872],[-88.147555,41.198939],[-88.147537,41.199008],[-88.147534,41.199044],[-88.147509,41.199112],[-88.14749,41.199182],[-88.147482,41.199221],[-88.147445,41.199427],[-88.14743,41.199497],[-88.147415,41.19953],[-88.147413,41.199566],[-88.147398,41.199636],[-88.147347,41.199809],[-88.147342,41.199844],[-88.147319,41.199913],[-88.147314,41.199948],[-88.147256,41.20012],[-88.14725,41.200155],[-88.147229,41.200224],[-88.147223,41.200259],[-88.147205,41.200292],[-88.147187,41.200361],[-88.147172,41.200395],[-88.147154,41.200464],[-88.147139,41.200498],[-88.147121,41.200565],[-88.147095,41.200624],[-88.147062,41.2007],[-88.147016,41.200761],[-88.146999,41.200795],[-88.146972,41.200824],[-88.146859,41.20102],[-88.146758,41.201134],[-88.146614,41.201285],[-88.146482,41.201389],[-88.146386,41.201422],[-88.146333,41.201456],[-88.146267,41.201545],[-88.146191,41.201674],[-88.146159,41.201701],[-88.146139,41.201733],[-88.146111,41.201762],[-88.146095,41.201795],[-88.146041,41.201854],[-88.14602,41.201886],[-88.145989,41.201913],[-88.145949,41.201977],[-88.145846,41.202097],[-88.145787,41.202153],[-88.145722,41.202205],[-88.145687,41.202228],[-88.145551,41.202261],[-88.145219,41.20228],[-88.145129,41.202293],[-88.145034,41.202299],[-88.14499,41.202312],[-88.144944,41.202316],[-88.144906,41.202338],[-88.144825,41.202372],[-88.144754,41.20242],[-88.144724,41.202447],[-88.144688,41.202471],[-88.144662,41.2025],[-88.144653,41.202535],[-88.144646,41.20264],[-88.144653,41.202668],[-88.144658,41.202744],[-88.144697,41.202884],[-88.14472,41.202988],[-88.144728,41.203092],[-88.144721,41.203127],[-88.144723,41.203162],[-88.144716,41.203197],[-88.144674,41.203261],[-88.144645,41.203289],[-88.144548,41.203366],[-88.144475,41.20341],[-88.14439,41.203443],[-88.144353,41.203465],[-88.144232,41.203546],[-88.144308,41.203544],[-88.144385,41.203542],[-88.145011,41.203527],[-88.147352,41.203475],[-88.148139,41.203457],[-88.150638,41.203409],[-88.158157,41.203268],[-88.160563,41.203225],[-88.162671,41.203169],[-88.172345,41.202944],[-88.172978,41.202942],[-88.173031,41.202941],[-88.175735,41.202885],[-88.177014,41.202861],[-88.18385,41.202706],[-88.186532,41.202645],[-88.195936,41.202448],[-88.196052,41.202446],[-88.198935,41.202369],[-88.199122,41.202365],[-88.199919,41.202352],[-88.200143,41.202349],[-88.20078,41.202334],[-88.200992,41.20233],[-88.202185,41.20231],[-88.202499,41.202307],[-88.20562,41.202241],[-88.205695,41.202239],[-88.206173,41.202231],[-88.207351,41.20221],[-88.209913,41.202161],[-88.214861,41.20208],[-88.220305,41.20198],[-88.226489,41.201858],[-88.230575,41.201784],[-88.234468,41.201733],[-88.236186,41.201712],[-88.244144,41.201566],[-88.244268,41.20611],[-88.244354,41.207852],[-88.244395,41.209999],[-88.244485,41.212386],[-88.24456,41.214756],[-88.244631,41.216079],[-88.244457,41.216068],[-88.243701,41.216085],[-88.240939,41.216135],[-88.241368,41.216764],[-88.241935,41.217595],[-88.24246,41.218158],[-88.243121,41.218678],[-88.243571,41.219032],[-88.243539,41.219253],[-88.243502,41.219501],[-88.238566,41.219641],[-88.23199,41.219827],[-88.232158,41.219908],[-88.233316,41.2199],[-88.242919,41.21984],[-88.243001,41.219819],[-88.243092,41.21984],[-88.24326,41.219863],[-88.243246,41.219929],[-88.243219,41.21995],[-88.243166,41.219956],[-88.243097,41.219973],[-88.242985,41.219981],[-88.242829,41.219992],[-88.242757,41.219972],[-88.232241,41.22008],[-88.231658,41.220048],[-88.231513,41.220069],[-88.231441,41.220152],[-88.231432,41.220179],[-88.231405,41.220213],[-88.231365,41.220389],[-88.231344,41.220523],[-88.231199,41.220668],[-88.231145,41.220743],[-88.231136,41.220771],[-88.231091,41.220833],[-88.231038,41.220997],[-88.230766,41.221246],[-88.230577,41.221388],[-88.230513,41.22146],[-88.230405,41.22157],[-88.230324,41.22166],[-88.230178,41.221708],[-88.229889,41.221888],[-88.229836,41.22219],[-88.229873,41.222307],[-88.229838,41.222383],[-88.229792,41.222431],[-88.229698,41.222589],[-88.229685,41.222623],[-88.229658,41.222658],[-88.2296,41.223012],[-88.229495,41.223561],[-88.229423,41.223703],[-88.229311,41.224012],[-88.229212,41.224198],[-88.229209,41.224428],[-88.22911,41.224631],[-88.229092,41.224786],[-88.229089,41.224817],[-88.229041,41.225013],[-88.22899,41.225112],[-88.228983,41.225139],[-88.228847,41.225339],[-88.228829,41.225401],[-88.228685,41.225615],[-88.228667,41.225683],[-88.228542,41.225856],[-88.228515,41.225944],[-88.22837,41.226144],[-88.228343,41.226234],[-88.228199,41.226427],[-88.22811,41.22664],[-88.228042,41.226771],[-88.227985,41.226984],[-88.227922,41.227094],[-88.227533,41.227294],[-88.227396,41.227374],[-88.22726,41.227529],[-88.227097,41.227619],[-88.227008,41.227694],[-88.226884,41.227712],[-88.226366,41.227693],[-88.226353,41.22767],[-88.226308,41.227614],[-88.226313,41.227072],[-88.226357,41.226804],[-88.22633,41.226757],[-88.226306,41.226729],[-88.226101,41.226592],[-88.225943,41.226497],[-88.225858,41.226446],[-88.225649,41.226319],[-88.225589,41.226278],[-88.225707,41.229708],[-88.225729,41.230352],[-88.225733,41.230467],[-88.225741,41.230731],[-88.22575,41.230984],[-88.22571,41.230985],[-88.225524,41.230989],[-88.224722,41.231011],[-88.219672,41.231137],[-88.21978,41.234756],[-88.219806,41.235633],[-88.219848,41.237014],[-88.219905,41.237008],[-88.220061,41.236994],[-88.220605,41.236974],[-88.22128,41.236949],[-88.22138,41.236962],[-88.221802,41.237084],[-88.222028,41.237095],[-88.222389,41.237112],[-88.222531,41.237119],[-88.222885,41.237179],[-88.223049,41.237179],[-88.223141,41.237248],[-88.223177,41.237329],[-88.22315,41.237378],[-88.22306,41.237481],[-88.222824,41.237627],[-88.22267,41.237672],[-88.222395,41.237725],[-88.222335,41.237738],[-88.222053,41.237928],[-88.222036,41.237952],[-88.221909,41.238089],[-88.219897,41.23873],[-88.219909,41.23904],[-88.219922,41.239333],[-88.219925,41.239425],[-88.213446,41.241319],[-88.21011,41.242286],[-88.209617,41.242459],[-88.207824,41.242603],[-88.207148,41.24226],[-88.207255,41.2451],[-88.20727,41.245482],[-88.207276,41.245618],[-88.207283,41.245827],[-88.205828,41.245934],[-88.205599,41.245942],[-88.20408,41.245993],[-88.202337,41.246023],[-88.197358,41.246141],[-88.196134,41.24616],[-88.191074,41.246255],[-88.190485,41.246266],[-88.188717,41.246299],[-88.188129,41.246311],[-88.188147,41.246814],[-88.188204,41.248323],[-88.188223,41.248827],[-88.188266,41.24884],[-88.188349,41.248837],[-88.188446,41.248837],[-88.188766,41.248829],[-88.202648,41.248541],[-88.202707,41.250791],[-88.202727,41.251683],[-88.202755,41.253216],[-88.202756,41.253271],[-88.202762,41.253493],[-88.202769,41.253722],[-88.202775,41.253936],[-88.202775,41.253948],[-88.202781,41.254155],[-88.202792,41.254556],[-88.202793,41.254578],[-88.202807,41.255088],[-88.200398,41.255136],[-88.200457,41.256997],[-88.200513,41.258798],[-88.200566,41.260505],[-88.200568,41.2606],[-88.199925,41.260613],[-88.194599,41.260717],[-88.193412,41.26074],[-88.189855,41.260809],[-88.188669,41.260833],[-88.188686,41.261644],[-88.18881,41.265094],[-88.188918,41.268102],[-88.188958,41.269221],[-88.189152,41.274616],[-88.189172,41.275176],[-88.189184,41.275458],[-88.189248,41.277276],[-88.189252,41.277393],[-88.189293,41.278543],[-88.189346,41.280002],[-88.189401,41.281518],[-88.189405,41.281639],[-88.189417,41.281958],[-88.189423,41.282146],[-88.189432,41.282402],[-88.189441,41.282648],[-88.189447,41.282811],[-88.18949,41.284013],[-88.189576,41.28373],[-88.189714,41.283428],[-88.189919,41.282981],[-88.190096,41.282681],[-88.190313,41.282316],[-88.190847,41.281561],[-88.191026,41.281339],[-88.191232,41.281107],[-88.1918,41.28052],[-88.192373,41.280033],[-88.192757,41.279732],[-88.195106,41.277862],[-88.196009,41.277143],[-88.196933,41.276408],[-88.197283,41.276667],[-88.19754,41.27682],[-88.198083,41.277273],[-88.198216,41.277425],[-88.198269,41.277571],[-88.1983,41.27769],[-88.198236,41.277802],[-88.198122,41.277923],[-88.198079,41.278103],[-88.198073,41.278133],[-88.198052,41.278275],[-88.198076,41.278382],[-88.19826,41.27854],[-88.198527,41.278742],[-88.19879,41.278902],[-88.199527,41.279009],[-88.200264,41.279089],[-88.200706,41.27933],[-88.200985,41.279566],[-88.201293,41.279734],[-88.201612,41.280083],[-88.201747,41.280491],[-88.201878,41.280715],[-88.202184,41.281051],[-88.202649,41.281367],[-88.204521,41.280582],[-88.204699,41.280688],[-88.204734,41.280858],[-88.204895,41.280894],[-88.205083,41.280912],[-88.205637,41.280965],[-88.205798,41.281144],[-88.205797,41.28131],[-88.20576,41.281605],[-88.205704,41.281673],[-88.205402,41.281778],[-88.205335,41.282055],[-88.205519,41.282178],[-88.205729,41.282203],[-88.205778,41.282295],[-88.205883,41.282357],[-88.20624,41.282301],[-88.206388,41.282233],[-88.206375,41.282092],[-88.206412,41.281981],[-88.2064,41.281932],[-88.206049,41.281926],[-88.205901,41.281852],[-88.205926,41.281519],[-88.206061,41.281414],[-88.206302,41.281439],[-88.206345,41.281413],[-88.206277,41.28131],[-88.206172,41.281285],[-88.206074,41.281217],[-88.206055,41.281094],[-88.206126,41.281006],[-88.206457,41.281002],[-88.206677,41.280719],[-88.206943,41.280553],[-88.207047,41.280451],[-88.20709,41.280414],[-88.207166,41.280408],[-88.207375,41.28041],[-88.207563,41.280553],[-88.207613,41.280527],[-88.207667,41.280518],[-88.207703,41.280545],[-88.207693,41.280606],[-88.207662,41.280798],[-88.207751,41.280806],[-88.207869,41.280544],[-88.207824,41.280449],[-88.207768,41.280364],[-88.207724,41.280222],[-88.207622,41.280134],[-88.20756,41.280054],[-88.207685,41.280028],[-88.207671,41.279865],[-88.207613,41.279732],[-88.207756,41.27966],[-88.207747,41.279383],[-88.207667,41.279258],[-88.20747,41.278999],[-88.207339,41.278987],[-88.207282,41.278793],[-88.207139,41.278623],[-88.20705,41.278605],[-88.206949,41.278571],[-88.206943,41.278462],[-88.206621,41.278248],[-88.206505,41.278198],[-88.206299,41.278158],[-88.206219,41.278051],[-88.206183,41.277684],[-88.206254,41.277622],[-88.206344,41.27755],[-88.20646,41.277443],[-88.206406,41.277354],[-88.206228,41.277345],[-88.20604,41.277246],[-88.205864,41.27726],[-88.205611,41.277228],[-88.205333,41.277166],[-88.204797,41.277172],[-88.204207,41.277112],[-88.203957,41.27696],[-88.203832,41.276885],[-88.203529,41.276741],[-88.203424,41.276644],[-88.203396,41.276616],[-88.203201,41.276417],[-88.202843,41.276062],[-88.202843,41.276039],[-88.202827,41.276005],[-88.202805,41.275986],[-88.202789,41.275959],[-88.203262,41.275854],[-88.204188,41.275851],[-88.206969,41.275846],[-88.207896,41.275844],[-88.207909,41.27586],[-88.207935,41.275891],[-88.207939,41.275915],[-88.207944,41.275937],[-88.207993,41.275937],[-88.208143,41.275937],[-88.208193,41.275938],[-88.208194,41.275953],[-88.208204,41.276207],[-88.208309,41.278574],[-88.20847,41.282231],[-88.208534,41.283673],[-88.208544,41.283908],[-88.208575,41.284611],[-88.208586,41.284847],[-88.208609,41.285373],[-88.208679,41.286953],[-88.208703,41.28748],[-88.208719,41.287854],[-88.208769,41.288976],[-88.208786,41.289351],[-88.209455,41.289332],[-88.211466,41.289276],[-88.212357,41.289252],[-88.213999,41.289206],[-88.215264,41.289171],[-88.215998,41.289152],[-88.216134,41.289149],[-88.218115,41.289102],[-88.218237,41.289101],[-88.218287,41.2891],[-88.218821,41.289094],[-88.225397,41.289017],[-88.227547,41.288992],[-88.227638,41.28899],[-88.22778,41.288984],[-88.228401,41.28898],[-88.228953,41.288976],[-88.229269,41.288968],[-88.229721,41.288955],[-88.22999,41.288947],[-88.231079,41.288919],[-88.231269,41.288914],[-88.231532,41.288914],[-88.23165,41.288783],[-88.232003,41.288388],[-88.232123,41.288258],[-88.232413,41.287934],[-88.233286,41.286966],[-88.233577,41.286643],[-88.233664,41.286545],[-88.233927,41.286255],[-88.234015,41.286158],[-88.234035,41.286133],[-88.234099,41.286058],[-88.23412,41.286034],[-88.234498,41.285588],[-88.235113,41.284818],[-88.235588,41.284175],[-88.235875,41.283794],[-88.2364,41.2831],[-88.23751,41.28154],[-88.23843,41.28017],[-88.23918,41.27897],[-88.23978,41.27797],[-88.240524,41.276643],[-88.2407,41.27633],[-88.24167,41.27446],[-88.241739,41.274316],[-88.241835,41.274118],[-88.241997,41.274111],[-88.242485,41.274094],[-88.242649,41.274312],[-88.243126,41.274297],[-88.246526,41.274237],[-88.246525,41.274118],[-88.246486,41.272592],[-88.246485,41.272118]],[[-88.238276,42.08177],[-88.238228,42.07408],[-88.238218,42.072367],[-88.23821,42.071525],[-88.238213,42.070657],[-88.238211,42.070265],[-88.238206,42.069575],[-88.238198,42.068393],[-88.238194,42.068021],[-88.23819,42.067247],[-88.238186,42.066985],[-88.238288,42.066984],[-88.238367,42.066976],[-88.239236,42.066981],[-88.239933,42.066979],[-88.24067,42.066977],[-88.240737,42.066981],[-88.241084,42.066994],[-88.242321,42.06703],[-88.242506,42.067033],[-88.242558,42.067034],[-88.243034,42.067044],[-88.243326,42.067051],[-88.243321,42.066597],[-88.24332,42.06651],[-88.24332,42.066424],[-88.243315,42.066201],[-88.243314,42.065896],[-88.243295,42.064511],[-88.243303,42.061703],[-88.243298,42.061493],[-88.243294,42.061325],[-88.243294,42.060213],[-88.243302,42.057115],[-88.243299,42.056464],[-88.24269,42.056471],[-88.242661,42.05603],[-88.24263,42.055586],[-88.242642,42.054319],[-88.242653,42.053148],[-88.242658,42.052678],[-88.242152,42.05242],[-88.242158,42.052694],[-88.24171,42.052702],[-88.240825,42.052721],[-88.240382,42.052744],[-88.240332,42.052746],[-88.240336,42.052802],[-88.239632,42.052819],[-88.238353,42.052852],[-88.238172,42.052857],[-88.238217,42.053672],[-88.23826,42.054431],[-88.238252,42.0549],[-88.23823,42.056308],[-88.238223,42.056778],[-88.23818,42.056784],[-88.238109,42.056793],[-88.23777,42.056836],[-88.237744,42.05684],[-88.237657,42.056851],[-88.237437,42.056878],[-88.237134,42.056916],[-88.236776,42.056955],[-88.236646,42.05697],[-88.236557,42.056984],[-88.236323,42.057032],[-88.235869,42.057131],[-88.235627,42.057188],[-88.235398,42.057246],[-88.235384,42.057249],[-88.235321,42.057266],[-88.235269,42.05728],[-88.23517,42.057311],[-88.234914,42.057412],[-88.234865,42.057433],[-88.234735,42.057489],[-88.23428,42.054254],[-88.234089,42.052892],[-88.231148,42.052888],[-88.231082,42.052007],[-88.230284,42.049154],[-88.232902,42.049128],[-88.232889,42.049701],[-88.23359,42.049701],[-88.233653,42.051779],[-88.233664,42.051895],[-88.234638,42.051822],[-88.234628,42.051717],[-88.234531,42.049191],[-88.235264,42.049202],[-88.235262,42.049004],[-88.235267,42.048729],[-88.235272,42.048543],[-88.234249,42.048565],[-88.234319,42.046793],[-88.23388,42.046795],[-88.233039,42.046809],[-88.233034,42.04669],[-88.232691,42.046693],[-88.231981,42.046701],[-88.231665,42.046701],[-88.231493,42.046701],[-88.231323,42.046701],[-88.231122,42.0467],[-88.230833,42.046694],[-88.230754,42.046693],[-88.230275,42.046669],[-88.229809,42.046631],[-88.22947,42.046605],[-88.229369,42.046594],[-88.229172,42.046573],[-88.228978,42.046553],[-88.228884,42.046539],[-88.228768,42.046521],[-88.228723,42.046514],[-88.228267,42.046446],[-88.228243,42.046441],[-88.228084,42.046412],[-88.227436,42.046293],[-88.2268,42.046161],[-88.22524,42.045853],[-88.22295,42.045399],[-88.222613,42.045333],[-88.221662,42.045173],[-88.221287,42.045112],[-88.220702,42.045045],[-88.220448,42.045016],[-88.219866,42.044966],[-88.219411,42.044945],[-88.218619,42.044931],[-88.2178,42.044938],[-88.216832,42.044947],[-88.216624,42.044948],[-88.216,42.044953],[-88.215793,42.044956],[-88.215747,42.044956],[-88.215719,42.044957],[-88.21561,42.044958],[-88.215565,42.044959],[-88.215509,42.044959],[-88.215344,42.04496],[-88.215289,42.044961],[-88.215253,42.044962],[-88.215231,42.044962],[-88.21506,42.044962],[-88.215003,42.044962],[-88.214965,42.044964],[-88.214882,42.044965],[-88.214517,42.044967],[-88.214407,42.044968],[-88.214299,42.044969],[-88.213541,42.044975],[-88.210178,42.045002],[-88.206685,42.04503],[-88.203167,42.045059],[-88.203111,42.045059],[-88.202247,42.045068],[-88.201766,42.045074],[-88.200996,42.045096],[-88.200168,42.045132],[-88.199491,42.045171],[-88.198573,42.045224],[-88.19828,42.045241],[-88.197986,42.045267],[-88.197851,42.045275],[-88.195685,42.045411],[-88.195237,42.04544],[-88.195083,42.04545],[-88.194964,42.045458],[-88.194898,42.045462],[-88.194758,42.045471],[-88.194133,42.045512],[-88.193997,42.045521],[-88.19387,42.046077],[-88.193777,42.046659],[-88.193694,42.047178],[-88.193638,42.047534],[-88.193575,42.048215],[-88.193556,42.049047],[-88.19355,42.050316],[-88.193569,42.051892],[-88.193432,42.051884],[-88.193451,42.052924],[-88.193458,42.053589],[-88.193458,42.053806],[-88.192323,42.053796],[-88.188735,42.053765],[-88.187539,42.053755],[-88.186307,42.053746],[-88.184223,42.053733],[-88.18423,42.055341],[-88.184237,42.056573],[-88.183196,42.056527],[-88.180075,42.05639],[-88.179035,42.056345],[-88.177258,42.056343],[-88.17193,42.056339],[-88.170154,42.056338],[-88.16584,42.056555],[-88.156029,42.057051],[-88.155903,42.057058],[-88.155777,42.057064],[-88.152899,42.057209],[-88.148586,42.057427],[-88.148482,42.057344],[-88.148452,42.057284],[-88.148452,42.057191],[-88.148423,42.057141],[-88.14815,42.056927],[-88.148114,42.056812],[-88.14822,42.056478],[-88.148239,42.056422],[-88.14821,42.056373],[-88.148121,42.056307],[-88.148114,42.056252],[-88.148387,42.055928],[-88.148453,42.055687],[-88.148431,42.05556],[-88.148365,42.055396],[-88.14824,42.054682],[-88.148093,42.054116],[-88.148056,42.053853],[-88.148064,42.05365],[-88.148029,42.053185],[-88.14802,42.053057],[-88.147888,42.052629],[-88.147807,42.052261],[-88.147859,42.052052],[-88.148028,42.051937],[-88.148382,42.051745],[-88.1485,42.051662],[-88.148691,42.051586],[-88.148718,42.05157],[-88.148927,42.051449],[-88.149008,42.051432],[-88.149288,42.051306],[-88.149325,42.0513],[-88.149516,42.051169],[-88.149649,42.051114],[-88.149796,42.05101],[-88.150386,42.05073],[-88.150458,42.050667],[-88.150476,42.05065],[-88.150555,42.050582],[-88.150629,42.050472],[-88.150681,42.050307],[-88.150751,42.049753],[-88.150784,42.0495],[-88.150792,42.049242],[-88.150755,42.04911],[-88.150703,42.049034],[-88.150689,42.048946],[-88.150696,42.048858],[-88.150726,42.048797],[-88.150726,42.048737],[-88.150836,42.048342],[-88.151072,42.047771],[-88.151122,42.047702],[-88.151286,42.04748],[-88.151507,42.047332],[-88.151721,42.047255],[-88.151876,42.047211],[-88.152281,42.047178],[-88.152561,42.047124],[-88.152877,42.047036],[-88.153363,42.046948],[-88.153702,42.046839],[-88.153982,42.046723],[-88.154218,42.046658],[-88.154388,42.046637],[-88.155102,42.046553],[-88.155534,42.046413],[-88.154323,42.046413],[-88.153362,42.046417],[-88.149559,42.046434],[-88.148503,42.046436],[-88.146805,42.046415],[-88.146148,42.046418],[-88.144808,42.046482],[-88.144681,42.046484],[-88.144659,42.039239],[-88.14458,42.039243],[-88.144519,42.039247],[-88.144243,42.039262],[-88.142996,42.039333],[-88.142754,42.039347],[-88.142581,42.039354],[-88.14254,42.039356],[-88.142118,42.039371],[-88.142104,42.039372],[-88.141244,42.039405],[-88.140853,42.039427],[-88.140432,42.039451],[-88.139664,42.039494],[-88.139429,42.039509],[-88.138753,42.039553],[-88.138934,42.04673],[-88.137947,42.046787],[-88.137759,42.04679],[-88.136359,42.04685],[-88.13509,42.046901],[-88.135006,42.046905],[-88.134339,42.046942],[-88.133796,42.046964],[-88.132576,42.047015],[-88.131477,42.047062],[-88.131356,42.047065],[-88.131153,42.047071],[-88.129998,42.04712],[-88.127798,42.047215],[-88.126357,42.047283],[-88.126171,42.047284],[-88.125973,42.047286],[-88.123995,42.047357],[-88.123839,42.047363],[-88.123416,42.047378],[-88.122128,42.047425],[-88.121992,42.047419],[-88.121591,42.047404],[-88.121457,42.0474],[-88.12147,42.047344],[-88.12151,42.047177],[-88.121524,42.047122],[-88.121533,42.046905],[-88.121562,42.046254],[-88.121572,42.046038],[-88.121562,42.0441],[-88.121562,42.043942],[-88.121564,42.041274],[-88.121563,42.04055],[-88.121563,42.040385],[-88.121485,42.040389],[-88.121462,42.040389],[-88.121379,42.040389],[-88.121253,42.040379],[-88.121226,42.040376],[-88.12119,42.040374],[-88.121146,42.040367],[-88.12112,42.040364],[-88.121075,42.040357],[-88.120942,42.040324],[-88.120783,42.040262],[-88.120611,42.040196],[-88.1198,42.039872],[-88.119518,42.03976],[-88.119476,42.039736],[-88.11938,42.039683],[-88.119307,42.039624],[-88.119265,42.039582],[-88.119197,42.039495],[-88.119136,42.039391],[-88.1191,42.039274],[-88.119094,42.03913],[-88.119096,42.038853],[-88.119099,42.038594],[-88.119098,42.038242],[-88.119097,42.037327],[-88.119104,42.037187],[-88.119114,42.037005],[-88.119115,42.036836],[-88.119058,42.036906],[-88.118889,42.037118],[-88.118833,42.037189],[-88.118093,42.037205],[-88.116193,42.037249],[-88.115977,42.037254],[-88.115873,42.037259],[-88.115134,42.037297],[-88.115126,42.037237],[-88.115119,42.037058],[-88.115117,42.036999],[-88.114908,42.037007],[-88.114284,42.037033],[-88.114076,42.037042],[-88.113937,42.037048],[-88.11314,42.03708],[-88.110535,42.037186],[-88.110333,42.037191],[-88.109398,42.037215],[-88.107044,42.037294],[-88.106005,42.037329],[-88.104334,42.03741],[-88.101964,42.037465],[-88.100207,42.037525],[-88.099861,42.037509],[-88.09949,42.037492],[-88.099507,42.035091],[-88.099543,42.030024],[-88.099568,42.026564],[-88.099507,42.026566],[-88.098951,42.026585],[-88.098766,42.026592],[-88.098554,42.026599],[-88.097922,42.026623],[-88.097711,42.026631],[-88.097407,42.026644],[-88.09699,42.026657],[-88.094827,42.026728],[-88.094106,42.026752],[-88.094079,42.026753],[-88.09384,42.02676],[-88.093569,42.026769],[-88.093122,42.026784],[-88.093042,42.026787],[-88.092777,42.026796],[-88.092577,42.026804],[-88.092373,42.026811],[-88.091764,42.026835],[-88.091639,42.02684],[-88.091562,42.026844],[-88.091598,42.027391],[-88.091612,42.027599],[-88.091707,42.029032],[-88.091744,42.02958],[-88.091768,42.030348],[-88.09179,42.031024],[-88.090158,42.031064],[-88.08939,42.031083],[-88.088701,42.031108],[-88.086637,42.031186],[-88.085949,42.031212],[-88.085709,42.03124],[-88.084991,42.031328],[-88.084752,42.031357],[-88.08475,42.03157],[-88.084745,42.03221],[-88.084744,42.032424],[-88.084742,42.032639],[-88.084736,42.033283],[-88.084735,42.033499],[-88.084733,42.033685],[-88.08473,42.034242],[-88.084729,42.034429],[-88.084437,42.034442],[-88.083562,42.034484],[-88.083271,42.034499],[-88.083131,42.034503],[-88.082712,42.034519],[-88.082696,42.03452],[-88.082573,42.034528],[-88.082042,42.034554],[-88.081153,42.034598],[-88.080452,42.034627],[-88.079984,42.034646],[-88.079922,42.034649],[-88.079906,42.034649],[-88.079864,42.034654],[-88.079847,42.034652],[-88.079845,42.034845],[-88.07984,42.035426],[-88.079839,42.03562],[-88.079837,42.035798],[-88.079831,42.036331],[-88.079829,42.03651],[-88.079825,42.036891],[-88.079814,42.038036],[-88.079811,42.038418],[-88.078535,42.038452],[-88.076517,42.038506],[-88.07647,42.038507],[-88.074708,42.038558],[-88.073433,42.038596],[-88.072689,42.038597],[-88.070459,42.038603],[-88.070143,42.038604],[-88.070042,42.038189],[-88.070046,42.037662],[-88.070058,42.036083],[-88.070063,42.035557],[-88.070051,42.035463],[-88.070015,42.035182],[-88.070004,42.035089],[-88.069874,42.035093],[-88.069485,42.035107],[-88.069356,42.035112],[-88.068648,42.035141],[-88.066525,42.035228],[-88.065818,42.035258],[-88.065209,42.035291],[-88.063384,42.035392],[-88.062776,42.035427],[-88.062261,42.035446],[-88.060717,42.035503],[-88.060203,42.035523],[-88.060202,42.035567],[-88.060197,42.035911],[-88.060183,42.036945],[-88.060181,42.037156],[-88.060195,42.03729],[-88.060214,42.037389],[-88.060238,42.037546],[-88.06029,42.03773],[-88.060314,42.037813],[-88.060582,42.038593],[-88.060691,42.038924],[-88.060718,42.039018],[-88.060744,42.039107],[-88.060749,42.039136],[-88.06094,42.039128],[-88.062627,42.039044],[-88.062625,42.040948],[-88.062642,42.041071],[-88.063843,42.041271],[-88.064506,42.041391],[-88.064538,42.041493],[-88.06455,42.04153],[-88.064615,42.041719],[-88.064665,42.041936],[-88.064713,42.042147],[-88.065011,42.043434],[-88.065111,42.043863],[-88.065101,42.044402],[-88.065074,42.046023],[-88.065065,42.046563],[-88.065005,42.047201],[-88.064826,42.049119],[-88.06477,42.049722],[-88.065825,42.049704],[-88.071106,42.049555],[-88.07111,42.049637],[-88.071113,42.049674],[-88.072425,42.049635],[-88.073596,42.049568],[-88.073623,42.049567],[-88.073745,42.04956],[-88.074534,42.049519],[-88.07638,42.049433],[-88.077072,42.049403],[-88.0782,42.049361],[-88.079693,42.049306],[-88.079973,42.049296],[-88.080705,42.04927],[-88.082177,42.049221],[-88.083171,42.049184],[-88.083177,42.049129],[-88.083182,42.049091],[-88.083261,42.048478],[-88.083293,42.048236],[-88.0835,42.046641],[-88.083556,42.046217],[-88.08358,42.046029],[-88.083809,42.046081],[-88.084134,42.046155],[-88.084411,42.046224],[-88.084494,42.046244],[-88.084723,42.046301],[-88.085487,42.04649],[-88.085657,42.04653],[-88.086874,42.046819],[-88.088466,42.047188],[-88.088803,42.047266],[-88.089401,42.047416],[-88.089753,42.047503],[-88.089844,42.047526],[-88.090687,42.047726],[-88.090815,42.047756],[-88.091169,42.047839],[-88.091231,42.047854],[-88.091346,42.047878],[-88.091388,42.047888],[-88.09161,42.047926],[-88.091829,42.047953],[-88.091885,42.047957],[-88.092067,42.047971],[-88.092246,42.047992],[-88.092442,42.048015],[-88.092783,42.04797],[-88.092963,42.047947],[-88.093266,42.04794],[-88.093533,42.047927],[-88.093729,42.047929],[-88.093904,42.04794],[-88.094091,42.047962],[-88.094378,42.048018],[-88.094511,42.048053],[-88.094631,42.04809],[-88.094704,42.048113],[-88.094895,42.048184],[-88.095142,42.048298],[-88.095218,42.048332],[-88.095471,42.048492],[-88.09559,42.048596],[-88.095804,42.048578],[-88.095899,42.048572],[-88.09603,42.048561],[-88.097107,42.048535],[-88.097468,42.048508],[-88.098055,42.048486],[-88.098141,42.048488],[-88.098141,42.048462],[-88.098138,42.047713],[-88.098145,42.047518],[-88.098139,42.047415],[-88.098129,42.047364],[-88.098093,42.047308],[-88.098087,42.047262],[-88.098086,42.047073],[-88.098086,42.046786],[-88.09809,42.046368],[-88.098093,42.046134],[-88.098093,42.045933],[-88.098094,42.045332],[-88.098095,42.045132],[-88.098095,42.0451],[-88.098095,42.045006],[-88.098095,42.044975],[-88.09944,42.044883],[-88.099443,42.044793],[-88.099538,42.04166],[-88.099525,42.041214],[-88.099593,42.041212],[-88.100021,42.041196],[-88.101305,42.04115],[-88.101734,42.041135],[-88.101776,42.041133],[-88.101905,42.041128],[-88.101948,42.041127],[-88.10195,42.041187],[-88.101954,42.041265],[-88.101959,42.041369],[-88.101963,42.04143],[-88.103506,42.04141],[-88.104181,42.041402],[-88.104212,42.043264],[-88.104247,42.045358],[-88.104274,42.046902],[-88.104274,42.047194],[-88.104275,42.047421],[-88.104282,42.047718],[-88.104293,42.047759],[-88.104278,42.047823],[-88.104277,42.047899],[-88.104259,42.047924],[-88.104211,42.048016],[-88.104194,42.04803],[-88.104195,42.048046],[-88.104206,42.048216],[-88.104214,42.048338],[-88.104388,42.048328],[-88.104375,42.049215],[-88.10437,42.049591],[-88.104362,42.050157],[-88.104356,42.050766],[-88.104354,42.050973],[-88.104319,42.054856],[-88.104318,42.056021],[-88.10432,42.058035],[-88.104315,42.059346],[-88.104315,42.059514],[-88.103801,42.059501],[-88.103697,42.059495],[-88.102203,42.059422],[-88.101732,42.0594],[-88.101078,42.059369],[-88.10073,42.059365],[-88.100462,42.059362],[-88.100148,42.059358],[-88.099834,42.059354],[-88.099688,42.059352],[-88.099341,42.059348],[-88.099349,42.058907],[-88.099374,42.057587],[-88.099383,42.057147],[-88.099382,42.056979],[-88.099379,42.056479],[-88.099379,42.056312],[-88.099401,42.055802],[-88.099467,42.054272],[-88.09949,42.053763],[-88.099469,42.053763],[-88.099408,42.053763],[-88.099388,42.053763],[-88.099387,42.053591],[-88.09939,42.053459],[-88.099417,42.052604],[-88.099415,42.052549],[-88.099407,42.052246],[-88.099395,42.05182],[-88.099394,42.051782],[-88.099432,42.050542],[-88.099445,42.05014],[-88.099445,42.050117],[-88.099444,42.050054],[-88.099443,42.049906],[-88.099069,42.04981],[-88.098681,42.049732],[-88.098479,42.049704],[-88.097596,42.04958],[-88.097237,42.049521],[-88.096978,42.049468],[-88.096628,42.049353],[-88.096565,42.049333],[-88.096338,42.049234],[-88.09611,42.049094],[-88.096037,42.049097],[-88.095373,42.049126],[-88.095152,42.049136],[-88.094071,42.049229],[-88.093857,42.049247],[-88.09095,42.049497],[-88.090872,42.048936],[-88.090788,42.04894],[-88.090486,42.048953],[-88.090428,42.048955],[-88.090361,42.048958],[-88.090256,42.048957],[-88.090199,42.048957],[-88.090013,42.048957],[-88.089867,42.048964],[-88.089501,42.048984],[-88.08944,42.056024],[-88.088093,42.056042],[-88.085741,42.05609],[-88.084958,42.056107],[-88.084781,42.056111],[-88.084526,42.056116],[-88.084556,42.057919],[-88.084538,42.058003],[-88.084509,42.060208],[-88.084513,42.060285],[-88.084514,42.060308],[-88.084509,42.060402],[-88.084499,42.060606],[-88.08447,42.06334],[-88.084464,42.06378],[-88.085798,42.063738],[-88.086306,42.063697],[-88.087131,42.063712],[-88.088808,42.063742],[-88.089255,42.063751],[-88.089293,42.064102],[-88.089357,42.064693],[-88.089383,42.064924],[-88.089379,42.064934],[-88.089371,42.064966],[-88.089368,42.064977],[-88.089788,42.065028],[-88.090847,42.065157],[-88.090849,42.06525],[-88.090851,42.065335],[-88.090856,42.06568],[-88.090867,42.065867],[-88.090701,42.065978],[-88.090721,42.066261],[-88.090729,42.066336],[-88.090794,42.066575],[-88.090845,42.06668],[-88.090861,42.066785],[-88.090779,42.066895],[-88.090534,42.067035],[-88.09032,42.067034],[-88.089679,42.067032],[-88.089509,42.067032],[-88.089466,42.067032],[-88.088461,42.067028],[-88.088101,42.067027],[-88.083773,42.067015],[-88.083607,42.067014],[-88.08311,42.067013],[-88.082945,42.067013],[-88.082874,42.067013],[-88.082585,42.067011],[-88.082596,42.067374],[-88.082611,42.067818],[-88.082665,42.069493],[-88.082793,42.073469],[-88.082841,42.073466],[-88.08389,42.073414],[-88.086109,42.073501],[-88.087448,42.073553],[-88.087904,42.073572],[-88.089954,42.073652],[-88.090454,42.073656],[-88.091954,42.073668],[-88.092455,42.073673],[-88.092454,42.073742],[-88.092452,42.073953],[-88.092452,42.074023],[-88.093454,42.074066],[-88.096461,42.074195],[-88.097164,42.074226],[-88.097936,42.074231],[-88.097937,42.074492],[-88.097907,42.075869],[-88.097907,42.076119],[-88.098478,42.07612],[-88.098986,42.076122],[-88.099066,42.076122],[-88.099208,42.076123],[-88.099306,42.076124],[-88.099386,42.076125],[-88.099751,42.076128],[-88.099785,42.074256],[-88.101279,42.074263],[-88.101354,42.071433],[-88.102417,42.071431],[-88.102402,42.075509],[-88.1024,42.076216],[-88.101217,42.076174],[-88.099796,42.076194],[-88.099751,42.076163],[-88.099727,42.077664],[-88.099723,42.077909],[-88.097554,42.077905],[-88.09733,42.081464],[-88.094599,42.081445],[-88.092099,42.081429],[-88.092131,42.081631],[-88.092171,42.081877],[-88.09222,42.082238],[-88.092248,42.082441],[-88.092262,42.082617],[-88.092306,42.083148],[-88.092316,42.083269],[-88.09232,42.083326],[-88.09234,42.083581],[-88.09239,42.08421],[-88.092395,42.084349],[-88.0924,42.084485],[-88.092404,42.084606],[-88.092413,42.084919],[-88.092415,42.084965],[-88.0924,42.085465],[-88.092382,42.085861],[-88.092381,42.085884],[-88.092379,42.086175],[-88.092378,42.086289],[-88.092393,42.086497],[-88.0924,42.086584],[-88.09241,42.086951],[-88.092401,42.087246],[-88.092403,42.087464],[-88.092404,42.087558],[-88.092416,42.087787],[-88.092426,42.087976],[-88.092429,42.088023],[-88.092433,42.088351],[-88.092431,42.088545],[-88.092431,42.088735],[-88.093526,42.088733],[-88.096814,42.08873],[-88.097386,42.08873],[-88.09728,42.089243],[-88.097286,42.090249],[-88.097306,42.093267],[-88.097313,42.094274],[-88.097278,42.102562],[-88.097275,42.10333],[-88.097353,42.103334],[-88.097393,42.103336],[-88.097519,42.10334],[-88.097677,42.103343],[-88.097931,42.103346],[-88.09826,42.103352],[-88.098674,42.103351],[-88.098695,42.103351],[-88.09895,42.103354],[-88.099056,42.103354],[-88.099322,42.103357],[-88.099374,42.103358],[-88.099481,42.103363],[-88.100491,42.103335],[-88.103524,42.103253],[-88.104535,42.103226],[-88.104543,42.103284],[-88.104546,42.1033],[-88.104573,42.103333],[-88.104621,42.103359],[-88.104647,42.103363],[-88.104683,42.103368],[-88.104712,42.103373],[-88.104742,42.103373],[-88.105178,42.103374],[-88.106488,42.103377],[-88.106825,42.103378],[-88.106925,42.103378],[-88.106923,42.103455],[-88.106921,42.103688],[-88.106921,42.103766],[-88.106899,42.105276],[-88.106907,42.106663],[-88.106906,42.106812],[-88.106957,42.10692],[-88.106973,42.109843],[-88.10699,42.11058],[-88.107012,42.110579],[-88.107079,42.110579],[-88.107102,42.110579],[-88.107255,42.110578],[-88.107481,42.110578],[-88.107717,42.110585],[-88.107871,42.11059],[-88.108242,42.110601],[-88.108847,42.110598],[-88.111086,42.11059],[-88.111775,42.110589],[-88.112752,42.110588],[-88.11527,42.110581],[-88.117467,42.11059],[-88.117729,42.110592],[-88.117955,42.110593],[-88.118434,42.110597],[-88.11942,42.110605],[-88.119532,42.110606],[-88.119909,42.110606],[-88.120237,42.110606],[-88.12044,42.110606],[-88.121223,42.110601],[-88.121552,42.110599],[-88.121552,42.110403],[-88.121552,42.109815],[-88.121552,42.10962],[-88.121552,42.109308],[-88.121552,42.108372],[-88.121552,42.10806],[-88.121552,42.107751],[-88.121552,42.107442],[-88.121554,42.107018],[-88.121698,42.107008],[-88.123245,42.106987],[-88.127915,42.106912],[-88.128021,42.106911],[-88.128039,42.105536],[-88.128048,42.104926],[-88.128063,42.103621],[-88.128105,42.10295],[-88.127903,42.102955],[-88.126569,42.102988],[-88.1266,42.096828],[-88.128935,42.096803],[-88.128927,42.095978],[-88.129625,42.094511],[-88.129727,42.094556],[-88.12981,42.094585],[-88.13004,42.094668],[-88.130186,42.09472],[-88.130429,42.094808],[-88.130631,42.094864],[-88.130782,42.094906],[-88.13078,42.094108],[-88.130776,42.091842],[-88.130758,42.091719],[-88.130737,42.091562],[-88.131375,42.09154],[-88.131375,42.091216],[-88.131375,42.090726],[-88.131343,42.090248],[-88.131322,42.089926],[-88.131312,42.089786],[-88.131284,42.089366],[-88.131275,42.089226],[-88.13127,42.089113],[-88.131257,42.088778],[-88.131253,42.088666],[-88.129345,42.088664],[-88.123624,42.088658],[-88.121717,42.088656],[-88.121719,42.088802],[-88.121725,42.089139],[-88.121724,42.089243],[-88.121723,42.089391],[-88.121721,42.089534],[-88.121717,42.089965],[-88.121716,42.090109],[-88.121714,42.090334],[-88.121713,42.090601],[-88.121714,42.091012],[-88.121715,42.091238],[-88.121287,42.091118],[-88.120973,42.091039],[-88.120592,42.090944],[-88.119757,42.090754],[-88.118728,42.090524],[-88.117979,42.090357],[-88.117703,42.090295],[-88.116878,42.090109],[-88.116603,42.090047],[-88.115819,42.089869],[-88.114946,42.089671],[-88.113469,42.089339],[-88.112686,42.089164],[-88.1122,42.089194],[-88.111977,42.089208],[-88.111978,42.090445],[-88.111979,42.090932],[-88.111992,42.091105],[-88.111979,42.091106],[-88.111843,42.091117],[-88.111833,42.092098],[-88.111788,42.096091],[-88.111431,42.096093],[-88.10722,42.096112],[-88.106947,42.096113],[-88.106959,42.089898],[-88.106996,42.087884],[-88.106996,42.087769],[-88.106996,42.087682],[-88.104312,42.087106],[-88.104295,42.087037],[-88.114327,42.086949],[-88.114398,42.085289],[-88.118272,42.085148],[-88.121698,42.085025],[-88.121698,42.084341],[-88.1217,42.08263],[-88.1217,42.082292],[-88.121702,42.08176],[-88.1217,42.081609],[-88.121697,42.080752],[-88.121697,42.08044],[-88.121698,42.078184],[-88.121698,42.078037],[-88.126412,42.077965],[-88.126537,42.079279],[-88.126532,42.079305],[-88.126547,42.079381],[-88.129155,42.079329],[-88.140994,42.079262],[-88.140979,42.078512],[-88.140968,42.077973],[-88.140958,42.07769],[-88.140933,42.076899],[-88.140916,42.076026],[-88.140919,42.075969],[-88.140906,42.075216],[-88.140893,42.074487],[-88.140901,42.07423],[-88.140905,42.074094],[-88.140906,42.074066],[-88.141009,42.073534],[-88.141088,42.073249],[-88.141148,42.073105],[-88.141177,42.073046],[-88.14117,42.072743],[-88.141166,42.072514],[-88.141096,42.072364],[-88.14109,42.0722],[-88.14109,42.072189],[-88.141094,42.07117],[-88.141095,42.070923],[-88.141124,42.070864],[-88.141145,42.070848],[-88.141151,42.070715],[-88.141171,42.070316],[-88.141178,42.070184],[-88.141171,42.070105],[-88.141173,42.069839],[-88.141174,42.069761],[-88.141176,42.068955],[-88.141177,42.068831],[-88.141176,42.068803],[-88.141174,42.068458],[-88.141171,42.068383],[-88.141157,42.068297],[-88.141123,42.068187],[-88.141116,42.068166],[-88.141102,42.068126],[-88.141088,42.068098],[-88.141059,42.068039],[-88.141053,42.06803],[-88.140998,42.067941],[-88.140973,42.067909],[-88.140921,42.067841],[-88.140872,42.067789],[-88.140833,42.067748],[-88.140758,42.067684],[-88.140687,42.067624],[-88.140575,42.067549],[-88.140453,42.067481],[-88.140254,42.067123],[-88.140341,42.067123],[-88.141259,42.067126],[-88.141393,42.067125],[-88.141565,42.067125],[-88.141794,42.067125],[-88.141929,42.067125],[-88.14239,42.067125],[-88.143773,42.067125],[-88.144018,42.067126],[-88.144228,42.067177],[-88.144314,42.067188],[-88.144536,42.067219],[-88.144573,42.067224],[-88.144632,42.067232],[-88.14466,42.067236],[-88.145701,42.067331],[-88.145987,42.06733],[-88.146037,42.06733],[-88.146142,42.067329],[-88.146371,42.067328],[-88.14689,42.067327],[-88.14876,42.067327],[-88.150475,42.067326],[-88.15131,42.067305],[-88.153817,42.067244],[-88.154653,42.067225],[-88.155847,42.067174],[-88.159431,42.067021],[-88.160626,42.066971],[-88.161183,42.067021],[-88.162854,42.067173],[-88.163412,42.067224],[-88.164181,42.067229],[-88.164829,42.067233],[-88.166223,42.067242],[-88.16908,42.067261],[-88.170497,42.067271],[-88.172357,42.067281],[-88.175463,42.0673],[-88.17684,42.067308],[-88.17794,42.067315],[-88.178217,42.067317],[-88.179801,42.067326],[-88.18072,42.067302],[-88.180799,42.0673],[-88.18348,42.067228],[-88.183581,42.067226],[-88.184128,42.067089],[-88.184376,42.067026],[-88.184799,42.067049],[-88.186071,42.067118],[-88.186495,42.067141],[-88.186651,42.067145],[-88.187121,42.06716],[-88.187278,42.067165],[-88.188335,42.067213],[-88.189848,42.067284],[-88.191507,42.06736],[-88.192331,42.067399],[-88.192438,42.067404],[-88.192244,42.067781],[-88.191914,42.068383],[-88.191685,42.068706],[-88.191513,42.068935],[-88.191235,42.069286],[-88.190609,42.070083],[-88.190406,42.070349],[-88.190225,42.070646],[-88.189949,42.071103],[-88.189815,42.071397],[-88.189679,42.071931],[-88.189603,42.072387],[-88.189587,42.072844],[-88.189587,42.073795],[-88.189586,42.074353],[-88.189714,42.074388],[-88.189814,42.074416],[-88.190264,42.074541],[-88.191156,42.07481],[-88.191836,42.075004],[-88.194576,42.075773],[-88.196077,42.076194],[-88.196186,42.076225],[-88.197113,42.07649],[-88.197281,42.076537],[-88.200621,42.077472],[-88.200688,42.077491],[-88.20093,42.077559],[-88.201142,42.077619],[-88.201214,42.077639],[-88.203952,42.07841],[-88.205614,42.078874],[-88.209519,42.079756],[-88.209746,42.079801],[-88.210163,42.079887],[-88.210839,42.08],[-88.212342,42.080205],[-88.213574,42.080344],[-88.214435,42.080417],[-88.215547,42.080503],[-88.2167,42.080596],[-88.218979,42.080772],[-88.220199,42.080866],[-88.220543,42.08089],[-88.221552,42.080979],[-88.222077,42.08103],[-88.222222,42.081041],[-88.223529,42.08114],[-88.223964,42.081173],[-88.224596,42.081255],[-88.225583,42.081387],[-88.226416,42.081507],[-88.227175,42.081628],[-88.227926,42.081762],[-88.228512,42.081875],[-88.229285,42.082023],[-88.229613,42.082094],[-88.230271,42.082243],[-88.232937,42.082958],[-88.233386,42.083091],[-88.234098,42.083319],[-88.23473,42.08353],[-88.235582,42.083834],[-88.236698,42.084257],[-88.237116,42.084427],[-88.237553,42.084609],[-88.237776,42.084702],[-88.238276,42.084921],[-88.238279,42.083463],[-88.238276,42.08177]],[[-88.011331,41.750269],[-88.011305,41.749378],[-88.012458,41.749358],[-88.012504,41.749356],[-88.012642,41.749355],[-88.012633,41.749038],[-88.012622,41.748692],[-88.012563,41.746741],[-88.012558,41.746581],[-88.012557,41.746547],[-88.012534,41.745787],[-88.012508,41.745119],[-88.01246,41.74387],[-88.012457,41.74377],[-88.01245,41.743592],[-88.012451,41.743501],[-88.012444,41.74277],[-88.012404,41.741675],[-88.012407,41.741474],[-88.012385,41.740695],[-88.012383,41.740629],[-88.012371,41.740241],[-88.012362,41.739929],[-88.012263,41.736543],[-88.012544,41.736526],[-88.016016,41.736453],[-88.016944,41.736435],[-88.017005,41.736438],[-88.017125,41.736443],[-88.017847,41.736428],[-88.020878,41.736364],[-88.02188,41.736342],[-88.022,41.73634],[-88.023038,41.736318],[-88.024932,41.736278],[-88.024985,41.736277],[-88.02628,41.736249],[-88.03043,41.73618],[-88.030505,41.736179],[-88.030561,41.736178],[-88.030557,41.736076],[-88.03055,41.73589],[-88.030531,41.735275],[-88.030527,41.735161],[-88.030526,41.735133],[-88.030511,41.734717],[-88.03051,41.73468],[-88.030509,41.73465],[-88.030486,41.733977],[-88.030473,41.733497],[-88.030468,41.733327],[-88.030462,41.733098],[-88.030461,41.733064],[-88.030322,41.733067],[-88.029966,41.733075],[-88.02954,41.733084],[-88.029492,41.733085],[-88.029499,41.732995],[-88.028974,41.732992],[-88.028824,41.732993],[-88.028833,41.732749],[-88.028803,41.732533],[-88.028653,41.732137],[-88.028604,41.731989],[-88.028576,41.731875],[-88.026794,41.731911],[-88.026147,41.731924],[-88.026135,41.731491],[-88.026105,41.730462],[-88.026097,41.730286],[-88.02609,41.730044],[-88.02609,41.729845],[-88.026083,41.729639],[-88.026055,41.728915],[-88.026039,41.728413],[-88.024068,41.729124],[-88.023959,41.729161],[-88.021845,41.729207],[-88.021207,41.729215],[-88.020559,41.729228],[-88.020555,41.729077],[-88.02055,41.728979],[-88.020158,41.728986],[-88.019079,41.729006],[-88.018418,41.729023],[-88.018137,41.729031],[-88.018124,41.728653],[-88.018081,41.727357],[-88.017715,41.727364],[-88.01723,41.727374],[-88.014944,41.727415],[-88.012605,41.727463],[-88.012431,41.727466],[-88.012308,41.72729],[-88.011141,41.727759],[-88.011117,41.727722],[-88.011101,41.727698],[-88.009921,41.725931],[-88.009884,41.725941],[-88.00979,41.725966],[-88.009623,41.725756],[-88.00824,41.723823],[-88.008161,41.723694],[-88.008108,41.723609],[-88.007929,41.723319],[-88.007658,41.72279],[-88.007377,41.722071],[-88.007267,41.721722],[-88.00714,41.721215],[-88.00708,41.720841],[-88.007036,41.720411],[-88.00703,41.719703],[-88.006953,41.717432],[-88.006944,41.716853],[-88.006755,41.716948],[-88.006744,41.7167],[-88.006736,41.71651],[-88.006727,41.715702],[-88.006705,41.714904],[-88.006646,41.713823],[-88.006641,41.713113],[-88.00661,41.712216],[-88.006605,41.711545],[-88.00667,41.711208],[-88.006534,41.71121],[-88.006132,41.711219],[-88.005976,41.711222],[-88.005855,41.711225],[-88.005875,41.711288],[-88.005896,41.711338],[-88.00622,41.712155],[-88.006272,41.712485],[-88.006266,41.713221],[-88.00627,41.713512],[-88.006276,41.71389],[-88.006253,41.714312],[-88.006173,41.714486],[-88.006152,41.714534],[-88.006092,41.714638],[-88.006061,41.714681],[-88.006033,41.714714],[-88.005975,41.714781],[-88.005928,41.714824],[-88.005906,41.714843],[-88.005867,41.714874],[-88.005831,41.714901],[-88.005749,41.714954],[-88.005569,41.715042],[-88.00545,41.715084],[-88.005372,41.715107],[-88.005208,41.715163],[-88.004978,41.715237],[-88.004826,41.715286],[-88.004724,41.715323],[-88.004594,41.715379],[-88.00453,41.71541],[-88.004426,41.715467],[-88.004329,41.715531],[-88.004304,41.71555],[-88.004275,41.715572],[-88.004177,41.715653],[-88.004148,41.715679],[-88.004078,41.715751],[-88.004024,41.715816],[-88.00401,41.715833],[-88.003993,41.715857],[-88.003974,41.715883],[-88.003947,41.715924],[-88.00391,41.715986],[-88.003889,41.716026],[-88.003862,41.716083],[-88.003839,41.716142],[-88.00382,41.716201],[-88.003811,41.716242],[-88.003804,41.716261],[-88.003794,41.716315],[-88.003786,41.716369],[-88.003697,41.717149],[-88.003685,41.71723],[-88.003681,41.717253],[-88.003676,41.717272],[-88.003655,41.717356],[-88.003622,41.717458],[-88.003579,41.717558],[-88.003519,41.71767],[-88.003452,41.717775],[-88.003402,41.717843],[-88.003327,41.717932],[-88.003245,41.718017],[-88.003156,41.718098],[-88.00306,41.718175],[-88.002953,41.71825],[-88.00285,41.718313],[-88.002733,41.718381],[-88.00272,41.718389],[-88.002711,41.718379],[-88.001955,41.717641],[-88.001954,41.717584],[-88.001954,41.717573],[-87.997664,41.717664],[-87.997668,41.71751],[-87.99766,41.716405],[-87.997672,41.715188],[-87.996955,41.715275],[-87.995748,41.715367],[-87.99436,41.715541],[-87.994127,41.715563],[-87.993871,41.715581],[-87.993721,41.715587],[-87.993615,41.715592],[-87.993229,41.715596],[-87.992844,41.715585],[-87.992233,41.715552],[-87.992283,41.717262],[-87.992317,41.71843],[-87.992376,41.720312],[-87.992387,41.720665],[-87.993043,41.720692],[-87.993099,41.720675],[-87.994091,41.720624],[-87.994093,41.720672],[-87.996971,41.720617],[-87.997204,41.720613],[-87.997214,41.720994],[-87.997223,41.721296],[-87.997227,41.721381],[-87.9972,41.721395],[-87.997168,41.721411],[-87.995526,41.722245],[-87.994513,41.72276],[-87.994068,41.722985],[-87.994008,41.723016],[-87.993441,41.723305],[-87.993381,41.723335],[-87.993347,41.723352],[-87.993283,41.723385],[-87.992981,41.723539],[-87.992665,41.7237],[-87.992589,41.723739],[-87.992559,41.723754],[-87.992494,41.723787],[-87.992434,41.723818],[-87.992434,41.723718],[-87.992436,41.722702],[-87.992438,41.722343],[-87.991266,41.722365],[-87.990953,41.722369],[-87.99031,41.722382],[-87.990329,41.724703],[-87.989085,41.725265],[-87.988374,41.725568],[-87.988429,41.725656],[-87.988406,41.725665],[-87.988354,41.725609],[-87.988342,41.725596],[-87.988331,41.725589],[-87.986067,41.72642],[-87.984989,41.726816],[-87.984275,41.727061],[-87.984048,41.727138],[-87.983937,41.727169],[-87.983779,41.726663],[-87.983764,41.726617],[-87.983747,41.726533],[-87.983687,41.726556],[-87.983644,41.726571],[-87.983629,41.726561],[-87.983567,41.726536],[-87.983507,41.726492],[-87.983441,41.726444],[-87.983377,41.726387],[-87.983195,41.726246],[-87.983084,41.726139],[-87.983071,41.726075],[-87.983053,41.726062],[-87.983021,41.726057],[-87.982977,41.726066],[-87.982939,41.726069],[-87.982902,41.726063],[-87.982866,41.726043],[-87.982845,41.726016],[-87.982837,41.725984],[-87.982768,41.725952],[-87.982756,41.725931],[-87.982747,41.725895],[-87.982752,41.725864],[-87.982749,41.725826],[-87.982724,41.725805],[-87.982555,41.725756],[-87.982431,41.725711],[-87.982354,41.725728],[-87.98229,41.725737],[-87.982239,41.72574],[-87.982184,41.725738],[-87.982151,41.725733],[-87.982122,41.725735],[-87.982107,41.72575],[-87.982095,41.725786],[-87.982076,41.725814],[-87.982043,41.725844],[-87.982018,41.725858],[-87.98197,41.725861],[-87.981938,41.725851],[-87.981891,41.725828],[-87.98183,41.725814],[-87.981782,41.725812],[-87.981731,41.725816],[-87.981686,41.725824],[-87.981615,41.725828],[-87.981401,41.725859],[-87.981296,41.725839],[-87.981232,41.725821],[-87.981178,41.725815],[-87.981146,41.725827],[-87.981083,41.725881],[-87.981042,41.725923],[-87.980992,41.725924],[-87.980948,41.725907],[-87.980909,41.725903],[-87.98085,41.725915],[-87.980797,41.725913],[-87.980748,41.725902],[-87.980712,41.725898],[-87.980705,41.725916],[-87.980712,41.725944],[-87.980734,41.725964],[-87.980777,41.72597],[-87.980812,41.725987],[-87.98082,41.726024],[-87.980773,41.726048],[-87.980723,41.726046],[-87.980665,41.726053],[-87.980621,41.726082],[-87.980571,41.726097],[-87.980407,41.726093],[-87.980342,41.72613],[-87.980317,41.726186],[-87.980264,41.726221],[-87.980222,41.726212],[-87.980165,41.726137],[-87.980135,41.726066],[-87.980052,41.725995],[-87.979966,41.725946],[-87.979962,41.725917],[-87.979924,41.725879],[-87.979891,41.72588],[-87.979835,41.725908],[-87.979815,41.725957],[-87.97978,41.725981],[-87.979741,41.725992],[-87.97971,41.725992],[-87.979655,41.725956],[-87.979597,41.725931],[-87.979532,41.725916],[-87.979522,41.725971],[-87.979526,41.726],[-87.979556,41.726014],[-87.979589,41.726013],[-87.979628,41.726004],[-87.979669,41.726026],[-87.979671,41.726045],[-87.979653,41.726075],[-87.97969,41.726133],[-87.979703,41.72617],[-87.979727,41.726193],[-87.979756,41.726205],[-87.979788,41.726206],[-87.979803,41.726221],[-87.979792,41.726242],[-87.979768,41.726259],[-87.97981,41.726338],[-87.97985,41.72646],[-87.979882,41.726503],[-87.979857,41.726561],[-87.979818,41.726589],[-87.979871,41.7266],[-87.979884,41.726621],[-87.979928,41.726628],[-87.979967,41.726651],[-87.979973,41.726685],[-87.979915,41.726646],[-87.979867,41.72664],[-87.979848,41.726622],[-87.979812,41.726611],[-87.979781,41.726592],[-87.979805,41.726565],[-87.979824,41.726551],[-87.97983,41.726527],[-87.979849,41.726506],[-87.979822,41.726469],[-87.979782,41.726348],[-87.97975,41.726281],[-87.979722,41.726287],[-87.979677,41.72629],[-87.97963,41.72627],[-87.979615,41.726232],[-87.979642,41.726193],[-87.979671,41.72617],[-87.979662,41.726138],[-87.979638,41.7261],[-87.979614,41.726085],[-87.979594,41.726039],[-87.979566,41.726032],[-87.979531,41.726037],[-87.97951,41.726021],[-87.979498,41.725997],[-87.979492,41.725964],[-87.979509,41.725902],[-87.979477,41.725868],[-87.979428,41.725786],[-87.979401,41.725769],[-87.979362,41.725756],[-87.979345,41.725771],[-87.979338,41.725801],[-87.979305,41.725826],[-87.979267,41.725845],[-87.979226,41.725874],[-87.979212,41.725903],[-87.979199,41.725961],[-87.979214,41.726005],[-87.97921,41.726028],[-87.979196,41.726046],[-87.979166,41.726058],[-87.979125,41.726047],[-87.9791,41.726036],[-87.979026,41.726021],[-87.978947,41.726021],[-87.978727,41.726043],[-87.978648,41.726034],[-87.978569,41.726048],[-87.978517,41.72607],[-87.978465,41.726108],[-87.97842,41.726176],[-87.978401,41.726257],[-87.978401,41.726283],[-87.978437,41.726307],[-87.978446,41.726347],[-87.978444,41.726378],[-87.978415,41.726419],[-87.978329,41.726428],[-87.97828,41.726418],[-87.97825,41.726377],[-87.978223,41.726349],[-87.978173,41.726321],[-87.978149,41.726313],[-87.978104,41.726322],[-87.97809,41.726367],[-87.97803,41.726355],[-87.977901,41.726358],[-87.977859,41.726367],[-87.977787,41.726396],[-87.977711,41.726404],[-87.977538,41.726398],[-87.977493,41.726405],[-87.977445,41.726423],[-87.977349,41.72645],[-87.9773,41.726471],[-87.977246,41.726488],[-87.977212,41.726494],[-87.977153,41.726487],[-87.977086,41.726485],[-87.977028,41.726492],[-87.976887,41.726497],[-87.976822,41.72649],[-87.976769,41.726473],[-87.97673,41.726466],[-87.97669,41.726469],[-87.976625,41.72648],[-87.976546,41.726507],[-87.976481,41.726523],[-87.976415,41.726507],[-87.976341,41.726469],[-87.976225,41.72643],[-87.976009,41.726316],[-87.975974,41.726293],[-87.975824,41.72623],[-87.975771,41.726215],[-87.975622,41.726194],[-87.975563,41.726163],[-87.975504,41.726152],[-87.975456,41.726148],[-87.975395,41.726163],[-87.975397,41.726176],[-87.975575,41.726251],[-87.97571,41.726302],[-87.975796,41.726349],[-87.97598,41.726463],[-87.976015,41.726493],[-87.976035,41.72652],[-87.976044,41.726644],[-87.976028,41.726682],[-87.975991,41.726724],[-87.975915,41.726786],[-87.975828,41.726831],[-87.975624,41.726901],[-87.975571,41.726906],[-87.97539,41.726908],[-87.975313,41.726925],[-87.975215,41.726931],[-87.974993,41.726917],[-87.974806,41.726891],[-87.974635,41.726876],[-87.97454,41.726877],[-87.974434,41.726864],[-87.974334,41.726862],[-87.974184,41.726838],[-87.974158,41.726827],[-87.974076,41.726823],[-87.973968,41.726838],[-87.973732,41.726944],[-87.973646,41.726951],[-87.973565,41.72694],[-87.973498,41.726901],[-87.973431,41.726798],[-87.973391,41.726725],[-87.973409,41.726641],[-87.973414,41.726564],[-87.973445,41.726515],[-87.973463,41.726537],[-87.973521,41.726575],[-87.973599,41.726587],[-87.973685,41.726555],[-87.973751,41.726465],[-87.973817,41.726354],[-87.97396,41.726144],[-87.974046,41.726081],[-87.974128,41.726034],[-87.974213,41.726008],[-87.97432,41.725987],[-87.97457,41.726004],[-87.974756,41.725954],[-87.974919,41.725878],[-87.974963,41.725902],[-87.97499,41.725946],[-87.975043,41.726011],[-87.975187,41.726103],[-87.975261,41.726136],[-87.975339,41.726141],[-87.975345,41.726123],[-87.97534,41.726093],[-87.975332,41.726076],[-87.975329,41.726054],[-87.975303,41.726015],[-87.975262,41.726001],[-87.975225,41.726006],[-87.975193,41.726005],[-87.975156,41.725988],[-87.97507,41.725896],[-87.974993,41.725799],[-87.97494,41.725777],[-87.974909,41.725759],[-87.974892,41.725741],[-87.974842,41.725731],[-87.974825,41.725715],[-87.974827,41.725668],[-87.974805,41.725656],[-87.974796,41.725639],[-87.974775,41.725617],[-87.974764,41.725598],[-87.974773,41.725569],[-87.974769,41.725539],[-87.974781,41.725497],[-87.974777,41.725451],[-87.974787,41.725409],[-87.974803,41.725389],[-87.974837,41.725364],[-87.974881,41.72534],[-87.974884,41.725279],[-87.974905,41.725242],[-87.974899,41.725222],[-87.974901,41.725192],[-87.974896,41.725162],[-87.974977,41.725075],[-87.974991,41.724944],[-87.975012,41.724883],[-87.975086,41.724795],[-87.97512,41.724768],[-87.975135,41.724743],[-87.975123,41.724683],[-87.975132,41.724655],[-87.975158,41.724636],[-87.975161,41.724617],[-87.975127,41.724593],[-87.975108,41.724571],[-87.975078,41.724505],[-87.975054,41.724475],[-87.975042,41.724439],[-87.97505,41.724412],[-87.975076,41.724387],[-87.975085,41.724358],[-87.975066,41.72434],[-87.97505,41.724307],[-87.975045,41.72418],[-87.97505,41.724136],[-87.975042,41.724102],[-87.975025,41.724079],[-87.975014,41.724054],[-87.974996,41.723956],[-87.975005,41.7239],[-87.975,41.723783],[-87.974985,41.723695],[-87.974956,41.723615],[-87.974911,41.723491],[-87.974884,41.72347],[-87.974849,41.723382],[-87.974858,41.723332],[-87.974878,41.723312],[-87.974874,41.723273],[-87.974859,41.723246],[-87.974848,41.72318],[-87.974808,41.723072],[-87.974764,41.723014],[-87.974681,41.72295],[-87.974666,41.722926],[-87.974469,41.722797],[-87.974384,41.722737],[-87.974243,41.72263],[-87.974113,41.722513],[-87.974082,41.722497],[-87.974009,41.722488],[-87.973937,41.722495],[-87.973832,41.722498],[-87.973809,41.722512],[-87.973751,41.722569],[-87.973719,41.722581],[-87.973649,41.722597],[-87.973597,41.722602],[-87.973512,41.7226],[-87.973418,41.722574],[-87.973385,41.722547],[-87.973357,41.722536],[-87.973264,41.722513],[-87.973231,41.722496],[-87.97319,41.722467],[-87.973135,41.722442],[-87.973037,41.722342],[-87.97294,41.722272],[-87.972847,41.722222],[-87.972808,41.722208],[-87.972777,41.722183],[-87.97275,41.722144],[-87.972688,41.722023],[-87.97266,41.721999],[-87.97262,41.721994],[-87.972593,41.72201],[-87.972579,41.722038],[-87.972558,41.722047],[-87.972523,41.722051],[-87.972484,41.72208],[-87.972473,41.722098],[-87.972232,41.722255],[-87.972207,41.722264],[-87.97208,41.722292],[-87.972025,41.722309],[-87.971951,41.722319],[-87.97173,41.722385],[-87.971736,41.722426],[-87.971728,41.722466],[-87.971702,41.722518],[-87.971601,41.722685],[-87.97155,41.722742],[-87.9714,41.722887],[-87.971368,41.722913],[-87.971338,41.722931],[-87.971256,41.723018],[-87.971199,41.723097],[-87.971146,41.723221],[-87.971141,41.72328],[-87.971184,41.72345],[-87.971192,41.723527],[-87.971163,41.723583],[-87.971091,41.72367],[-87.97105,41.723735],[-87.971695,41.725018],[-87.972004,41.725631],[-87.97209,41.725799],[-87.972135,41.725888],[-87.972405,41.726408],[-87.972537,41.726799],[-87.972608,41.727201],[-87.972658,41.727692],[-87.972845,41.729288],[-87.972955,41.73005],[-87.973027,41.730549],[-87.973119,41.731226],[-87.973154,41.731471],[-87.972997,41.731527],[-87.972971,41.731535],[-87.972014,41.731846],[-87.971766,41.731926],[-87.970312,41.732416],[-87.96765,41.733334],[-87.967441,41.733406],[-87.96726,41.733469],[-87.966837,41.733621],[-87.966677,41.733671],[-87.966635,41.733685],[-87.965831,41.73396],[-87.963112,41.734891],[-87.962829,41.734988],[-87.961657,41.73539],[-87.961246,41.735528],[-87.96135,41.735735],[-87.960529,41.735967],[-87.959824,41.736219],[-87.959277,41.736415],[-87.958887,41.736555],[-87.958872,41.736348],[-87.958758,41.736386],[-87.958764,41.736598],[-87.959024,41.74439],[-87.959038,41.744819],[-87.95904,41.744875],[-87.959053,41.745256],[-87.959082,41.746106],[-87.959152,41.748165],[-87.959168,41.748612],[-87.959171,41.748711],[-87.959179,41.748949],[-87.959289,41.752164],[-87.958703,41.752177],[-87.958029,41.752192],[-87.957956,41.752194],[-87.957501,41.752204],[-87.957473,41.752204],[-87.957477,41.752314],[-87.957584,41.755888],[-87.957541,41.755905],[-87.957468,41.755933],[-87.957216,41.756031],[-87.957075,41.756086],[-87.956706,41.75623],[-87.956728,41.754414],[-87.95673,41.754239],[-87.956729,41.754194],[-87.956674,41.752323],[-87.956667,41.752219],[-87.956564,41.752221],[-87.956384,41.752224],[-87.956276,41.752225],[-87.954424,41.75226],[-87.952798,41.75229],[-87.948541,41.752367],[-87.948362,41.752369],[-87.948361,41.752418],[-87.948363,41.752482],[-87.948368,41.753144],[-87.948259,41.753147],[-87.946422,41.753181],[-87.945229,41.753226],[-87.944915,41.753232],[-87.944932,41.753848],[-87.944969,41.755252],[-87.944938,41.755261],[-87.944852,41.755317],[-87.944867,41.755643],[-87.944876,41.756594],[-87.944916,41.757067],[-87.944917,41.757596],[-87.944966,41.758968],[-87.945022,41.760517],[-87.945045,41.760626],[-87.945162,41.760584],[-87.945184,41.760576],[-87.945895,41.760322],[-87.94618,41.76022],[-87.946211,41.760209],[-87.946335,41.760394],[-87.94608,41.760489],[-87.946044,41.760502],[-87.946278,41.760853],[-87.94654,41.760756],[-87.946607,41.760885],[-87.946788,41.761292],[-87.946901,41.761727],[-87.946965,41.762164],[-87.946905,41.762488],[-87.946753,41.762965],[-87.94607,41.762995],[-87.946051,41.763033],[-87.946064,41.763467],[-87.945835,41.76347],[-87.945241,41.763478],[-87.94517,41.763476],[-87.945124,41.763475],[-87.94512,41.763581],[-87.945183,41.765173],[-87.945215,41.765928],[-87.94523,41.766449],[-87.945245,41.766876],[-87.945249,41.766959],[-87.946936,41.76695],[-87.94926,41.766905],[-87.951119,41.766869],[-87.951293,41.766866],[-87.952402,41.766845],[-87.952492,41.766843],[-87.953084,41.766832],[-87.953123,41.766831],[-87.954739,41.7668],[-87.954789,41.766799],[-87.954816,41.766799],[-87.954837,41.766799],[-87.954909,41.766797],[-87.955003,41.766795],[-87.955008,41.766964],[-87.955076,41.768111],[-87.955077,41.768606],[-87.955139,41.768604],[-87.95539,41.768614],[-87.95553,41.76862],[-87.955712,41.768606],[-87.957408,41.768568],[-87.957407,41.768535],[-87.957403,41.768458],[-87.957401,41.768432],[-87.957377,41.767986],[-87.957375,41.767924],[-87.957337,41.766746],[-87.958388,41.766724],[-87.95976,41.766696],[-87.959764,41.766828],[-87.959789,41.767607],[-87.959807,41.768184],[-87.959816,41.768459],[-87.959817,41.768501],[-87.959818,41.768527],[-87.959934,41.768536],[-87.960893,41.768515],[-87.961033,41.768512],[-87.961031,41.768451],[-87.961013,41.767902],[-87.961115,41.767898],[-87.962123,41.767889],[-87.96213,41.768062],[-87.962241,41.768063],[-87.962239,41.768015],[-87.962225,41.767582],[-87.962104,41.767583],[-87.961005,41.767607],[-87.961002,41.767522],[-87.960991,41.767164],[-87.961482,41.767153],[-87.96209,41.767141],[-87.962211,41.767139],[-87.962196,41.766644],[-87.963509,41.766617],[-87.964634,41.766593],[-87.964652,41.767111],[-87.96466,41.767331],[-87.964679,41.767882],[-87.964679,41.767933],[-87.964678,41.76807],[-87.964678,41.768364],[-87.964679,41.768396],[-87.967116,41.768342],[-87.967498,41.768333],[-87.969533,41.768288],[-87.969654,41.768285],[-87.97079,41.768261],[-87.970772,41.767712],[-87.972824,41.767666],[-87.973026,41.767662],[-87.973051,41.766527],[-87.97433,41.766492],[-87.974327,41.766386],[-87.974284,41.765015],[-87.977954,41.764943],[-87.980525,41.764893],[-87.981494,41.764875],[-87.982577,41.764854],[-87.983546,41.764835],[-87.984717,41.764814],[-87.984756,41.766039],[-87.984761,41.766184],[-87.988865,41.766102],[-87.989124,41.766097],[-87.989459,41.766092],[-87.990106,41.766081],[-87.990104,41.766015],[-87.990503,41.766006],[-87.993562,41.765938],[-87.993713,41.765935],[-87.993705,41.765717],[-87.993702,41.765613],[-87.993628,41.765615],[-87.993535,41.765617],[-87.993531,41.765274],[-87.993497,41.764451],[-87.993469,41.763733],[-87.992855,41.764469],[-87.992005,41.764495],[-87.992039,41.763807],[-87.99204,41.763784],[-87.992039,41.763666],[-87.992034,41.763307],[-87.992024,41.762615],[-87.992285,41.76261],[-87.992278,41.762384],[-87.993409,41.762362],[-87.993444,41.762361],[-87.993596,41.762358],[-87.993595,41.762326],[-87.993585,41.762018],[-87.993584,41.761986],[-87.99358,41.76187],[-87.993576,41.761726],[-87.993558,41.761163],[-87.993553,41.761017],[-87.993537,41.760536],[-87.993468,41.758334],[-87.99344,41.757353],[-87.993389,41.755551],[-87.993382,41.755327],[-87.993374,41.755045],[-87.993348,41.75418],[-87.993266,41.751484],[-87.993213,41.751485],[-87.99305,41.751488],[-87.993014,41.751489],[-87.991486,41.751514],[-87.990486,41.751531],[-87.990059,41.751538],[-87.989881,41.751541],[-87.988574,41.751563],[-87.987962,41.751573],[-87.984873,41.751624],[-87.983534,41.751647],[-87.983534,41.751614],[-87.983525,41.750885],[-87.983522,41.750787],[-87.983521,41.750757],[-87.983516,41.75061],[-87.98351,41.750404],[-87.983509,41.750373],[-87.983506,41.750278],[-87.983503,41.750199],[-87.983502,41.750167],[-87.983496,41.749993],[-87.983495,41.749961],[-87.983487,41.749717],[-87.983475,41.749354],[-87.983473,41.749323],[-87.983471,41.749259],[-87.983468,41.749148],[-87.983467,41.749117],[-87.983463,41.749001],[-87.983461,41.74894],[-87.98346,41.748911],[-87.983446,41.74846],[-87.98343,41.747981],[-87.983429,41.747951],[-87.983418,41.747611],[-87.983364,41.745961],[-87.98336,41.745837],[-87.983356,41.745718],[-87.983354,41.745659],[-87.983927,41.745394],[-87.984359,41.7452],[-87.984351,41.745189],[-87.984291,41.745113],[-87.985,41.7448],[-87.985752,41.744469],[-87.986032,41.744345],[-87.986614,41.744088],[-87.98723,41.743817],[-87.987357,41.74376],[-87.987997,41.743478],[-87.988594,41.743215],[-87.988737,41.743152],[-87.988794,41.743127],[-87.988792,41.742995],[-87.988788,41.742868],[-87.988775,41.742468],[-87.988124,41.74248],[-87.987953,41.737028],[-87.987952,41.736975],[-87.989756,41.736939],[-87.990391,41.736926],[-87.99039,41.736904],[-87.990372,41.7363],[-87.990343,41.73546],[-87.990342,41.735435],[-87.990327,41.73493],[-87.991293,41.734913],[-87.992421,41.734892],[-87.99242,41.734875],[-87.992418,41.734823],[-87.992422,41.734733],[-87.992434,41.734624],[-87.992689,41.734452],[-87.992753,41.73441],[-87.992632,41.730973],[-87.992601,41.730063],[-87.993303,41.730078],[-87.994108,41.730282],[-87.994651,41.730255],[-87.995207,41.729644],[-87.99532,41.729575],[-87.997432,41.729535],[-87.997712,41.72953],[-87.998339,41.729518],[-87.998686,41.729511],[-87.998781,41.729509],[-87.999232,41.7295],[-87.999325,41.729493],[-87.999879,41.729488],[-88.000866,41.729466],[-88.001572,41.729449],[-88.002298,41.729433],[-88.002269,41.728395],[-88.002558,41.728503],[-88.003519,41.728874],[-88.004755,41.729352],[-88.005,41.729407],[-88.005523,41.72947],[-88.008027,41.729431],[-88.011689,41.729366],[-88.011776,41.729771],[-88.011842,41.730085],[-88.01192,41.730448],[-88.011977,41.731083],[-88.012013,41.732195],[-88.012016,41.732305],[-88.012028,41.73303],[-88.012042,41.733584],[-88.012046,41.734486],[-88.012098,41.734483],[-88.012106,41.734947],[-88.012048,41.734947],[-88.012049,41.735119],[-88.011177,41.735131],[-88.011097,41.735024],[-88.010991,41.735067],[-88.010645,41.735217],[-88.010248,41.735386],[-88.009963,41.735004],[-88.009889,41.734904],[-88.009784,41.734948],[-88.009358,41.735126],[-88.009248,41.735172],[-88.009204,41.735113],[-88.008727,41.735119],[-88.008222,41.735125],[-88.008227,41.735254],[-88.008226,41.735274],[-88.008223,41.735337],[-88.008213,41.735524],[-88.008187,41.736009],[-88.008155,41.736614],[-88.008008,41.736626],[-88.00794,41.736632],[-88.007415,41.736617],[-88.007395,41.736617],[-88.007599,41.743284],[-88.00762,41.74394],[-88.006766,41.743954],[-88.005508,41.743974],[-88.004417,41.743987],[-88.003339,41.744008],[-87.999637,41.744068],[-87.999089,41.744075],[-87.998599,41.744082],[-87.996388,41.744117],[-87.996013,41.744124],[-87.995728,41.744128],[-87.995721,41.744075],[-87.994561,41.744104],[-87.994555,41.744146],[-87.994167,41.744152],[-87.99392,41.744157],[-87.993065,41.74417],[-87.992892,41.744173],[-87.992823,41.744228],[-87.990886,41.744246],[-87.990686,41.744212],[-87.989642,41.744231],[-87.989487,41.744356],[-87.989157,41.744293],[-87.988781,41.744138],[-87.988755,41.744199],[-87.988725,41.744266],[-87.988777,41.744279],[-87.988848,41.744297],[-87.98915,41.744371],[-87.989389,41.744454],[-87.989394,41.74459],[-87.9894,41.744795],[-87.989407,41.745001],[-87.989413,41.745207],[-87.98942,41.745412],[-87.989426,41.745618],[-87.989433,41.745824],[-87.989439,41.74603],[-87.989446,41.746235],[-87.989452,41.746441],[-87.989459,41.746647],[-87.989465,41.746853],[-87.989472,41.747058],[-87.989478,41.747264],[-87.989485,41.74747],[-87.989487,41.74754],[-87.989491,41.747675],[-87.989331,41.747678],[-87.98896,41.747686],[-87.988967,41.747892],[-87.989498,41.747882],[-87.990008,41.747873],[-87.990131,41.74788],[-87.993015,41.7478],[-87.993067,41.748632],[-87.993059,41.749058],[-87.993197,41.749057],[-87.993235,41.75027],[-87.993238,41.750351],[-87.994285,41.75033],[-87.994297,41.750718],[-87.994295,41.75131],[-87.994294,41.751368],[-87.994291,41.751466],[-87.994495,41.751463],[-87.99615,41.751436],[-87.997205,41.751418],[-87.998125,41.751401],[-87.999247,41.751382],[-87.999712,41.751375],[-88.002956,41.751316],[-88.003122,41.751313],[-88.003346,41.751309],[-88.003458,41.751307],[-88.00351,41.751306],[-88.005159,41.751276],[-88.005226,41.751274],[-88.005357,41.751272],[-88.00541,41.751271],[-88.005411,41.751248],[-88.005407,41.751148],[-88.005377,41.750117],[-88.005926,41.750108],[-88.005952,41.750964],[-88.005957,41.751138],[-88.00596,41.751244],[-88.00596,41.75126],[-88.00606,41.751259],[-88.007194,41.751238],[-88.007596,41.751231],[-88.007661,41.751229],[-88.00783,41.751226],[-88.008408,41.751216],[-88.008921,41.751206],[-88.010961,41.751177],[-88.011362,41.751171],[-88.011361,41.751074],[-88.011331,41.750269]],[[-88.256146,41.937178],[-88.249122,41.937179],[-88.24856,41.937179],[-88.24854,41.937179],[-88.243362,41.93718],[-88.243161,41.937176],[-88.243009,41.93686],[-88.24264,41.936077],[-88.24259,41.93597],[-88.242406,41.935968],[-88.240741,41.936],[-88.240047,41.936014],[-88.239887,41.935971],[-88.237765,41.936002],[-88.237693,41.936003],[-88.237563,41.936005],[-88.237584,41.934415],[-88.237594,41.934041],[-88.237595,41.933546],[-88.237603,41.933224],[-88.237604,41.932603],[-88.23762,41.931966],[-88.237631,41.930844],[-88.237648,41.92991],[-88.237656,41.929001],[-88.237663,41.928731],[-88.237493,41.928744],[-88.232848,41.928805],[-88.230217,41.928845],[-88.228481,41.928873],[-88.228327,41.928875],[-88.22818,41.928878],[-88.228141,41.928881],[-88.228056,41.928879],[-88.227559,41.928887],[-88.227146,41.928898],[-88.225652,41.928918],[-88.225629,41.929027],[-88.225513,41.929578],[-88.225444,41.929942],[-88.224316,41.935342],[-88.224275,41.935532],[-88.224451,41.935682],[-88.224337,41.93568],[-88.224099,41.935668],[-88.223805,41.935654],[-88.223507,41.935654],[-88.223463,41.935654],[-88.223186,41.93566],[-88.223181,41.935727],[-88.223138,41.93654],[-88.222518,41.93651],[-88.220681,41.936457],[-88.220727,41.935572],[-88.220651,41.935569],[-88.220569,41.935566],[-88.219252,41.935519],[-88.219175,41.935516],[-88.218931,41.935507],[-88.218794,41.935526],[-88.218124,41.93554],[-88.216632,41.935566],[-88.21514,41.935592],[-88.213417,41.935621],[-88.211902,41.935649],[-88.210401,41.935675],[-88.209685,41.93567],[-88.208776,41.935689],[-88.208631,41.935691],[-88.208631,41.935981],[-88.208614,41.936725],[-88.208601,41.937269],[-88.208566,41.937903],[-88.208536,41.938509],[-88.206332,41.938557],[-88.205315,41.938579],[-88.20126,41.938666],[-88.201247,41.939858],[-88.202702,41.939827],[-88.203537,41.939808],[-88.208479,41.939701],[-88.208472,41.939949],[-88.208466,41.940203],[-88.208403,41.941046],[-88.208381,41.941712],[-88.20837,41.941976],[-88.208507,41.941998],[-88.208501,41.942127],[-88.208479,41.942623],[-88.208452,41.943248],[-88.208435,41.943611],[-88.208425,41.943829],[-88.208424,41.943848],[-88.212459,41.943783],[-88.212489,41.944781],[-88.212507,41.945354],[-88.212515,41.945626],[-88.212522,41.945865],[-88.211224,41.945887],[-88.211229,41.946034],[-88.211251,41.947009],[-88.211402,41.947007],[-88.212478,41.947005],[-88.21327,41.946995],[-88.213258,41.947903],[-88.213254,41.948233],[-88.213231,41.950061],[-88.213212,41.950065],[-88.213196,41.9507],[-88.214437,41.950687],[-88.218085,41.95065],[-88.218086,41.950532],[-88.218125,41.946996],[-88.21825,41.94701],[-88.219037,41.947096],[-88.2202,41.94728],[-88.22169,41.947492],[-88.222971,41.947711],[-88.222883,41.957727],[-88.222878,41.958263],[-88.222863,41.964202],[-88.222863,41.964309],[-88.222862,41.964439],[-88.222862,41.964456],[-88.222862,41.964495],[-88.222861,41.964623],[-88.222861,41.9647],[-88.222861,41.964744],[-88.222861,41.964766],[-88.224299,41.965132],[-88.225841,41.965521],[-88.225907,41.965516],[-88.225932,41.9655],[-88.225921,41.965476],[-88.225874,41.965465],[-88.225832,41.965434],[-88.225866,41.965409],[-88.225817,41.965367],[-88.226011,41.965419],[-88.226036,41.965462],[-88.226029,41.965491],[-88.225991,41.965523],[-88.226097,41.965524],[-88.226137,41.965517],[-88.226181,41.965503],[-88.226235,41.965519],[-88.226245,41.965502],[-88.226234,41.965473],[-88.22631,41.965471],[-88.226411,41.965393],[-88.226452,41.965362],[-88.226604,41.965246],[-88.226555,41.965196],[-88.226528,41.965198],[-88.226514,41.965191],[-88.226502,41.965184],[-88.226409,41.965209],[-88.226368,41.965201],[-88.226305,41.965198],[-88.226228,41.965174],[-88.226067,41.965148],[-88.225906,41.965102],[-88.225835,41.965078],[-88.22574,41.96506],[-88.225691,41.96503],[-88.225642,41.965023],[-88.225381,41.964946],[-88.22539,41.964928],[-88.225433,41.964933],[-88.225439,41.964914],[-88.225473,41.964911],[-88.225438,41.964886],[-88.225491,41.96489],[-88.225636,41.964915],[-88.225816,41.964964],[-88.225899,41.964998],[-88.22589,41.965015],[-88.225924,41.965018],[-88.225953,41.965039],[-88.226032,41.965068],[-88.226091,41.96508],[-88.226145,41.965076],[-88.226184,41.965048],[-88.226245,41.965073],[-88.226419,41.965116],[-88.226502,41.965147],[-88.226526,41.965159],[-88.226597,41.965171],[-88.226666,41.965204],[-88.226702,41.965254],[-88.226662,41.96526],[-88.226517,41.965379],[-88.226494,41.965398],[-88.226488,41.965413],[-88.227409,41.965652],[-88.229258,41.966115],[-88.230047,41.966316],[-88.230405,41.966412],[-88.230643,41.966465],[-88.230746,41.966495],[-88.231565,41.966699],[-88.231775,41.966755],[-88.233991,41.967309],[-88.234066,41.967331],[-88.234922,41.967549],[-88.23554,41.967713],[-88.235678,41.967762],[-88.235862,41.967833],[-88.236153,41.96799],[-88.236381,41.968147],[-88.236506,41.968265],[-88.236611,41.968377],[-88.236673,41.968459],[-88.236742,41.968562],[-88.236818,41.968709],[-88.236908,41.968939],[-88.236942,41.969085],[-88.236964,41.969339],[-88.236968,41.970096],[-88.236986,41.971637],[-88.237021,41.972217],[-88.237019,41.972745],[-88.237017,41.972913],[-88.237061,41.973156],[-88.237041,41.974396],[-88.237023,41.975872],[-88.237021,41.975949],[-88.237169,41.97597],[-88.238178,41.976113],[-88.238303,41.976131],[-88.238493,41.976158],[-88.239137,41.976232],[-88.239359,41.976257],[-88.239365,41.976204],[-88.240118,41.969381],[-88.240154,41.969056],[-88.240161,41.968993],[-88.240314,41.969034],[-88.242264,41.969527],[-88.244314,41.970045],[-88.245614,41.970361],[-88.250075,41.971497],[-88.253403,41.972309],[-88.253834,41.972414],[-88.253921,41.972435],[-88.254202,41.972504],[-88.254767,41.97265],[-88.257489,41.973356],[-88.262822,41.974724],[-88.262821,41.974557],[-88.26306,41.974618],[-88.263176,41.974644],[-88.265877,41.975311],[-88.266591,41.97547],[-88.267165,41.9756],[-88.267358,41.975638],[-88.267665,41.975691],[-88.267836,41.975721],[-88.268619,41.975844],[-88.268673,41.975851],[-88.269633,41.975974],[-88.272853,41.976362],[-88.273132,41.975871],[-88.273418,41.975896],[-88.273702,41.975931],[-88.274129,41.975989],[-88.27414,41.975953],[-88.273674,41.975607],[-88.273602,41.975549],[-88.273425,41.975421],[-88.273519,41.975174],[-88.272855,41.974693],[-88.271918,41.974008],[-88.271105,41.973421],[-88.271085,41.973257],[-88.274049,41.973273],[-88.274346,41.973289],[-88.274891,41.973288],[-88.275361,41.971996],[-88.275533,41.971624],[-88.275577,41.971459],[-88.275601,41.971322],[-88.27595,41.969471],[-88.27612,41.969021],[-88.27764,41.969339],[-88.277843,41.969376],[-88.278071,41.968742],[-88.278217,41.96812],[-88.277971,41.966554],[-88.277602,41.964005],[-88.275941,41.964077],[-88.275477,41.961211],[-88.278646,41.961258],[-88.279715,41.961223],[-88.279819,41.960817],[-88.281818,41.960833],[-88.281811,41.958352],[-88.281807,41.957002],[-88.286856,41.956995],[-88.286856,41.955852],[-88.288574,41.95585],[-88.288574,41.955672],[-88.289233,41.955689],[-88.289239,41.9556],[-88.290105,41.955478],[-88.29007,41.956761],[-88.290092,41.956919],[-88.290282,41.956931],[-88.291776,41.957027],[-88.291576,41.959727],[-88.293076,41.959727],[-88.293827,41.959778],[-88.293961,41.959696],[-88.295998,41.958443],[-88.295984,41.957312],[-88.295981,41.95705],[-88.295981,41.957036],[-88.295971,41.956424],[-88.296043,41.956423],[-88.296043,41.956289],[-88.296702,41.956248],[-88.296715,41.956125],[-88.296705,41.955545],[-88.296675,41.954909],[-88.296944,41.954893],[-88.297509,41.954602],[-88.297782,41.954224],[-88.297734,41.951729],[-88.29901,41.9517],[-88.2991,41.951707],[-88.301532,41.951883],[-88.302522,41.952016],[-88.303582,41.952159],[-88.305468,41.952413],[-88.304951,41.953136],[-88.307299,41.953178],[-88.309922,41.953186],[-88.309912,41.953938],[-88.309951,41.95394],[-88.309901,41.95442],[-88.3121,41.95433],[-88.312144,41.954148],[-88.312142,41.954076],[-88.312149,41.954043],[-88.312167,41.953912],[-88.312182,41.95388],[-88.312181,41.953832],[-88.312207,41.953686],[-88.312188,41.953647],[-88.3122,41.953603],[-88.312171,41.953392],[-88.312169,41.953265],[-88.312183,41.953183],[-88.312246,41.953093],[-88.312282,41.952997],[-88.312297,41.952904],[-88.312309,41.952863],[-88.312314,41.952784],[-88.312297,41.952771],[-88.312164,41.952782],[-88.312148,41.952768],[-88.312144,41.952745],[-88.312155,41.952729],[-88.312179,41.952727],[-88.312284,41.952731],[-88.312316,41.952721],[-88.312335,41.952696],[-88.31233,41.952645],[-88.312383,41.952439],[-88.312391,41.952345],[-88.312379,41.952329],[-88.312333,41.952315],[-88.31225,41.952313],[-88.312227,41.952305],[-88.312211,41.952288],[-88.312207,41.952265],[-88.312228,41.952249],[-88.312254,41.95224],[-88.312368,41.952262],[-88.312406,41.952253],[-88.312425,41.952233],[-88.312453,41.952146],[-88.312453,41.952061],[-88.31247,41.952035],[-88.312505,41.95201],[-88.312514,41.951988],[-88.312484,41.951949],[-88.312484,41.951922],[-88.312527,41.951875],[-88.312533,41.951857],[-88.312519,41.951782],[-88.312484,41.951707],[-88.312514,41.951617],[-88.312514,41.951559],[-88.312507,41.951502],[-88.312526,41.951344],[-88.312492,41.951105],[-88.312449,41.950976],[-88.312442,41.950937],[-88.312446,41.950871],[-88.312444,41.950834],[-88.312439,41.950797],[-88.31244,41.950765],[-88.312441,41.950747],[-88.312432,41.950722],[-88.312397,41.950688],[-88.312311,41.950632],[-88.312288,41.950607],[-88.312277,41.950577],[-88.312246,41.95053],[-88.312244,41.950487],[-88.31222,41.950456],[-88.312213,41.950436],[-88.3122,41.950401],[-88.312163,41.950357],[-88.312153,41.950227],[-88.312147,41.950213],[-88.312132,41.950206],[-88.312103,41.950175],[-88.312076,41.95013],[-88.312054,41.950052],[-88.312005,41.949966],[-88.311961,41.949913],[-88.31191,41.949856],[-88.311883,41.949855],[-88.311869,41.949855],[-88.311835,41.949856],[-88.310323,41.94987],[-88.310306,41.94987],[-88.310292,41.94987],[-88.310212,41.949872],[-88.310056,41.949874],[-88.309957,41.949875],[-88.308767,41.949921],[-88.308363,41.949938],[-88.308251,41.949943],[-88.308208,41.950057],[-88.308122,41.950289],[-88.307012,41.950306],[-88.305723,41.950275],[-88.305736,41.951175],[-88.304972,41.951167],[-88.304992,41.950145],[-88.304784,41.950137],[-88.304776,41.950252],[-88.30439,41.950215],[-88.303115,41.950095],[-88.302021,41.949992],[-88.301192,41.949915],[-88.301007,41.949899],[-88.300999,41.95005],[-88.300231,41.950057],[-88.298869,41.950069],[-88.298826,41.948258],[-88.298826,41.948213],[-88.298826,41.948174],[-88.29829,41.948187],[-88.298001,41.948193],[-88.29777,41.948197],[-88.29748,41.948203],[-88.297112,41.94821],[-88.297036,41.948211],[-88.296599,41.948226],[-88.296111,41.948229],[-88.295501,41.948233],[-88.295401,41.948233],[-88.295397,41.948491],[-88.293866,41.948495],[-88.293878,41.949245],[-88.293873,41.949295],[-88.293869,41.949615],[-88.293778,41.949616],[-88.293733,41.949616],[-88.293695,41.949889],[-88.293613,41.950536],[-88.293504,41.950535],[-88.293475,41.950535],[-88.293483,41.950606],[-88.293475,41.950633],[-88.292852,41.950644],[-88.292772,41.950643],[-88.29277,41.950666],[-88.292767,41.950708],[-88.292764,41.95075],[-88.292762,41.950792],[-88.292761,41.950834],[-88.292761,41.950876],[-88.292761,41.950918],[-88.292762,41.95095],[-88.292761,41.950974],[-88.292766,41.951033],[-88.29277,41.951086],[-88.292774,41.951128],[-88.292779,41.95117],[-88.292784,41.951212],[-88.292793,41.951278],[-88.292797,41.951321],[-88.292806,41.951449],[-88.292815,41.951542],[-88.292808,41.951729],[-88.292812,41.95189],[-88.292814,41.951965],[-88.292691,41.951971],[-88.292568,41.951976],[-88.292578,41.95173],[-88.292516,41.951047],[-88.292515,41.950852],[-88.292517,41.950785],[-88.292519,41.950733],[-88.29252,41.950714],[-88.292525,41.950648],[-88.292479,41.950649],[-88.292418,41.950649],[-88.292322,41.95065],[-88.292289,41.950651],[-88.292223,41.950651],[-88.292197,41.950652],[-88.292178,41.950652],[-88.292111,41.950652],[-88.292041,41.950653],[-88.292024,41.950653],[-88.291865,41.950655],[-88.291865,41.950635],[-88.291861,41.950377],[-88.291855,41.949944],[-88.291855,41.949926],[-88.291849,41.949576],[-88.291849,41.949526],[-88.291835,41.948585],[-88.291834,41.948516],[-88.29182,41.947573],[-88.291817,41.947362],[-88.291808,41.946708],[-88.291806,41.946637],[-88.291794,41.946024],[-88.291786,41.945701],[-88.29177,41.944994],[-88.291765,41.944811],[-88.291749,41.944102],[-88.291744,41.943873],[-88.291727,41.943155],[-88.291724,41.943003],[-88.291713,41.94254],[-88.291711,41.942448],[-88.29171,41.942412],[-88.291708,41.942314],[-88.291706,41.94226],[-88.291861,41.942257],[-88.292203,41.942262],[-88.295497,41.942229],[-88.295477,41.942943],[-88.298441,41.943312],[-88.298431,41.942777],[-88.298418,41.942173],[-88.299869,41.94215],[-88.299911,41.941112],[-88.298955,41.940518],[-88.29873,41.940059],[-88.298676,41.937846],[-88.298676,41.937731],[-88.298377,41.937747],[-88.296987,41.937865],[-88.296988,41.937823],[-88.297046,41.935669],[-88.297066,41.934891],[-88.296466,41.934893],[-88.29591,41.934896],[-88.295236,41.934899],[-88.294821,41.934902],[-88.294793,41.93491],[-88.294792,41.93503],[-88.294788,41.935572],[-88.294776,41.937836],[-88.294596,41.937834],[-88.294175,41.937829],[-88.293791,41.937813],[-88.293165,41.937861],[-88.292189,41.937934],[-88.292,41.937948],[-88.291694,41.937972],[-88.290978,41.938085],[-88.290325,41.938189],[-88.290214,41.938209],[-88.290118,41.938224],[-88.290038,41.938237],[-88.289649,41.938297],[-88.289649,41.938279],[-88.289729,41.937489],[-88.289753,41.937256],[-88.289191,41.937269],[-88.28926,41.937227],[-88.289298,41.937203],[-88.289913,41.937189],[-88.289924,41.936204],[-88.289341,41.936213],[-88.288264,41.936229],[-88.287939,41.936234],[-88.287938,41.936374],[-88.287928,41.937294],[-88.287769,41.937298],[-88.287776,41.937517],[-88.287102,41.937523],[-88.287175,41.938679],[-88.286588,41.938715],[-88.285687,41.938771],[-88.285707,41.940299],[-88.285717,41.941059],[-88.284777,41.941059],[-88.284777,41.93979],[-88.28325,41.939801],[-88.283101,41.939934],[-88.281895,41.939949],[-88.281935,41.938957],[-88.281412,41.938919],[-88.281374,41.938916],[-88.27856,41.93871],[-88.277027,41.940266],[-88.276732,41.940565],[-88.275656,41.94172],[-88.274919,41.942901],[-88.274576,41.943478],[-88.274843,41.943558],[-88.275168,41.943631],[-88.275477,41.943582],[-88.275755,41.944911],[-88.274587,41.945327],[-88.275041,41.946122],[-88.275143,41.946198],[-88.274625,41.946362],[-88.274495,41.946399],[-88.274376,41.946433],[-88.274104,41.946512],[-88.273862,41.946581],[-88.27378,41.946604],[-88.273735,41.946616],[-88.273672,41.946635],[-88.273614,41.946653],[-88.273501,41.946686],[-88.273135,41.946781],[-88.272952,41.94676],[-88.272756,41.946739],[-88.272585,41.946963],[-88.272418,41.947183],[-88.272335,41.947293],[-88.272284,41.94736],[-88.272221,41.947442],[-88.272107,41.947631],[-88.270323,41.947008],[-88.270248,41.946982],[-88.269477,41.948156],[-88.269373,41.948167],[-88.268191,41.94811],[-88.268047,41.948104],[-88.266825,41.948047],[-88.266401,41.948027],[-88.264967,41.947959],[-88.26473,41.947958],[-88.264616,41.947953],[-88.264459,41.947935],[-88.264392,41.947869],[-88.264333,41.947811],[-88.264128,41.947608],[-88.263464,41.946953],[-88.263219,41.946713],[-88.263162,41.946659],[-88.263347,41.946662],[-88.263409,41.946664],[-88.263924,41.946672],[-88.264178,41.946677],[-88.264311,41.94668],[-88.264316,41.946597],[-88.264327,41.946429],[-88.264341,41.946213],[-88.264352,41.946048],[-88.264367,41.945819],[-88.264375,41.945689],[-88.264482,41.944066],[-88.264624,41.941907],[-88.264641,41.941653],[-88.265573,41.941824],[-88.265645,41.940635],[-88.265708,41.939564],[-88.265742,41.938996],[-88.265806,41.937789],[-88.265807,41.937757],[-88.265815,41.937655],[-88.265856,41.93695],[-88.265779,41.936952],[-88.26564,41.936955],[-88.264995,41.936969],[-88.262798,41.937026],[-88.262705,41.937026],[-88.262684,41.937026],[-88.262684,41.937178],[-88.259038,41.937178],[-88.256146,41.937178]],[[-88.359375,41.980201],[-88.359657,41.979734],[-88.360014,41.980006],[-88.36011,41.979734],[-88.360118,41.979712],[-88.359985,41.979518],[-88.359635,41.970154],[-88.359489,41.970152],[-88.358967,41.970159],[-88.356334,41.970192],[-88.353765,41.970224],[-88.353361,41.97023],[-88.349978,41.970272],[-88.346867,41.970313],[-88.343488,41.970357],[-88.343483,41.970219],[-88.343482,41.970091],[-88.343417,41.969901],[-88.343397,41.969854],[-88.343369,41.969808],[-88.343339,41.969772],[-88.343291,41.969728],[-88.343242,41.969694],[-88.343188,41.969665],[-88.343129,41.969641],[-88.343067,41.969623],[-88.343002,41.969611],[-88.342859,41.969591],[-88.342795,41.969582],[-88.342724,41.969574],[-88.342748,41.967564],[-88.343446,41.96755],[-88.343679,41.967545],[-88.347154,41.967475],[-88.348905,41.96744],[-88.348944,41.967712],[-88.349491,41.967701],[-88.349621,41.967697],[-88.349504,41.96695],[-88.349433,41.966492],[-88.349321,41.966487],[-88.349015,41.966492],[-88.347648,41.966515],[-88.347623,41.96563],[-88.347615,41.965367],[-88.347602,41.965133],[-88.348169,41.965137],[-88.34818,41.964876],[-88.347482,41.964876],[-88.347482,41.96493],[-88.347155,41.96492],[-88.347155,41.964549],[-88.34637,41.964538],[-88.346218,41.96299],[-88.345934,41.96262],[-88.345629,41.963067],[-88.344921,41.963078],[-88.344699,41.963277],[-88.344531,41.963277],[-88.343667,41.963941],[-88.343745,41.964621],[-88.34252,41.964635],[-88.34054,41.964628],[-88.33812,41.964621],[-88.334659,41.964602],[-88.334612,41.964604],[-88.334607,41.965551],[-88.33464,41.969075],[-88.334717,41.969076],[-88.337069,41.969089],[-88.33793,41.969095],[-88.338339,41.96912],[-88.338695,41.969169],[-88.339091,41.969243],[-88.339672,41.969396],[-88.340592,41.969731],[-88.340628,41.973888],[-88.340631,41.974318],[-88.340633,41.974541],[-88.340661,41.977537],[-88.340663,41.977789],[-88.340361,41.977792],[-88.339101,41.977808],[-88.33897,41.977809],[-88.338449,41.977816],[-88.338087,41.977821],[-88.336487,41.977845],[-88.336397,41.977842],[-88.328513,41.977561],[-88.320975,41.974737],[-88.321555,41.97429],[-88.322025,41.973788],[-88.322375,41.97319],[-88.322613,41.972397],[-88.322794,41.971792],[-88.322971,41.971201],[-88.323213,41.970466],[-88.32325,41.969827],[-88.322905,41.969045],[-88.319638,41.969041],[-88.319274,41.969003],[-88.319461,41.969644],[-88.319496,41.969762],[-88.319644,41.9708],[-88.319714,41.971874],[-88.319252,41.972422],[-88.318238,41.972909],[-88.317084,41.97316],[-88.315732,41.973138],[-88.314824,41.972952],[-88.314747,41.972917],[-88.312682,41.971808],[-88.312023,41.971454],[-88.310436,41.97081],[-88.309205,41.97031],[-88.307184,41.969429],[-88.30576,41.969329],[-88.303931,41.969296],[-88.301744,41.969274],[-88.298843,41.969603],[-88.298059,41.969754],[-88.297309,41.969898],[-88.296674,41.970033],[-88.296409,41.970079],[-88.296153,41.970121],[-88.295569,41.970238],[-88.294757,41.971375],[-88.294039,41.972689],[-88.2939,41.973055],[-88.293509,41.974209],[-88.293701,41.976405],[-88.293747,41.977709],[-88.292645,41.977699],[-88.291325,41.977624],[-88.28996,41.977575],[-88.288801,41.977539],[-88.288101,41.97749],[-88.287529,41.977433],[-88.286856,41.977336],[-88.286277,41.97717],[-88.285534,41.976944],[-88.283028,41.976118],[-88.281271,41.975543],[-88.280586,41.975268],[-88.280428,41.975217],[-88.280635,41.974794],[-88.280548,41.974768],[-88.280457,41.97505],[-88.280381,41.975198],[-88.280275,41.975403],[-88.280212,41.975529],[-88.280124,41.975645],[-88.279942,41.975888],[-88.279917,41.975921],[-88.279614,41.976216],[-88.279584,41.976245],[-88.279122,41.976696],[-88.278799,41.977081],[-88.278784,41.977098],[-88.278424,41.977528],[-88.277587,41.97813],[-88.277382,41.978278],[-88.281251,41.981104],[-88.28183,41.981586],[-88.282313,41.982013],[-88.282377,41.982068],[-88.282525,41.982217],[-88.282996,41.982688],[-88.283468,41.983193],[-88.283881,41.983675],[-88.285465,41.985928],[-88.28242,41.985933],[-88.282276,41.985927],[-88.277817,41.986037],[-88.27375,41.986124],[-88.268343,41.986278],[-88.2681,41.986284],[-88.267658,41.986295],[-88.267625,41.986441],[-88.267613,41.986856],[-88.267609,41.987043],[-88.267749,41.989216],[-88.267823,41.99036],[-88.267966,41.992395],[-88.268047,41.993537],[-88.268088,41.994147],[-88.268117,41.99458],[-88.268221,41.996163],[-88.268222,41.996174],[-88.268265,41.996821],[-88.268289,41.997174],[-88.2683,41.997336],[-88.268353,41.998115],[-88.268435,41.999318],[-88.268544,42.000785],[-88.268808,42.004505],[-88.268836,42.004898],[-88.268847,42.005058],[-88.268903,42.005845],[-88.26892,42.006079],[-88.268972,42.006758],[-88.268974,42.006779],[-88.269012,42.00711],[-88.26904,42.007359],[-88.269067,42.007357],[-88.269216,42.007356],[-88.269643,42.007356],[-88.270383,42.007349],[-88.271265,42.007343],[-88.272041,42.007515],[-88.272141,42.00754],[-88.272246,42.00757],[-88.272382,42.007618],[-88.272513,42.007674],[-88.272637,42.007737],[-88.272755,42.007807],[-88.272811,42.007845],[-88.272916,42.007925],[-88.27299,42.007988],[-88.273183,42.007986],[-88.273786,42.007975],[-88.274076,42.009082],[-88.274468,42.010454],[-88.274615,42.012534],[-88.274528,42.012772],[-88.274084,42.013764],[-88.273947,42.014122],[-88.274046,42.014118],[-88.274296,42.014088],[-88.274469,42.014051],[-88.274555,42.014018],[-88.274657,42.013989],[-88.274765,42.013973],[-88.275032,42.013922],[-88.275487,42.013871],[-88.275573,42.013869],[-88.275631,42.013879],[-88.275689,42.0139],[-88.275748,42.013921],[-88.27583,42.013944],[-88.27603,42.01396],[-88.27627,42.01396],[-88.276339,42.013941],[-88.276391,42.013917],[-88.276445,42.013885],[-88.276499,42.013845],[-88.276531,42.013807],[-88.276562,42.013761],[-88.27663,42.013685],[-88.27671,42.013623],[-88.276822,42.013561],[-88.276975,42.013483],[-88.277331,42.013329],[-88.277698,42.013185],[-88.277959,42.013027],[-88.27838,42.012718],[-88.278535,42.01265],[-88.27866,42.01261],[-88.278765,42.012589],[-88.278912,42.01256],[-88.279167,42.012548],[-88.279349,42.012545],[-88.279884,42.012527],[-88.280072,42.012602],[-88.28018,42.012226],[-88.280773,42.01223],[-88.28103,42.012239],[-88.28286,42.012288],[-88.285076,42.012329],[-88.287678,42.012159],[-88.287966,42.011883],[-88.28861,42.011268],[-88.29009,42.011479],[-88.290016,42.012291],[-88.289999,42.012542],[-88.29064,42.012528],[-88.291519,42.012509],[-88.292186,42.012532],[-88.292831,42.012555],[-88.293479,42.012578],[-88.294334,42.012609],[-88.294538,42.012608],[-88.295175,42.012612],[-88.300223,42.012646],[-88.301987,42.012685],[-88.302009,42.012298],[-88.302014,42.012211],[-88.302035,42.011813],[-88.302116,42.010337],[-88.302108,42.006254],[-88.311354,42.006093],[-88.311677,42.0061],[-88.311679,42.006258],[-88.311684,42.006522],[-88.315155,42.006465],[-88.315109,42.006936],[-88.315905,42.006898],[-88.316211,42.00688],[-88.316714,42.006868],[-88.317472,42.006849],[-88.318015,42.006836],[-88.319887,42.006791],[-88.320588,42.006767],[-88.320936,42.006755],[-88.321115,42.006756],[-88.321232,42.006757],[-88.321425,42.006758],[-88.321919,42.006771],[-88.322163,42.006778],[-88.32316,42.006871],[-88.325592,42.007147],[-88.326305,42.007183],[-88.326322,42.005667],[-88.326272,42.003126],[-88.326235,42.001183],[-88.326284,42.000302],[-88.326588,42.000226],[-88.327617,42.000112],[-88.327503,41.99602],[-88.327472,41.995144],[-88.327355,41.992438],[-88.328885,41.992437],[-88.330973,41.992415],[-88.33099,41.990577],[-88.330992,41.989214],[-88.331015,41.987861],[-88.331027,41.987379],[-88.331024,41.986837],[-88.331037,41.986284],[-88.331033,41.98585],[-88.331035,41.985645],[-88.331153,41.985516],[-88.331367,41.98535],[-88.331415,41.985336],[-88.332838,41.986351],[-88.333175,41.986619],[-88.334487,41.987546],[-88.335643,41.988199],[-88.336856,41.988836],[-88.336982,41.988902],[-88.338867,41.989828],[-88.340794,41.990763],[-88.343641,41.992145],[-88.344721,41.992147],[-88.348759,41.992037],[-88.352698,41.992228],[-88.353364,41.992191],[-88.353767,41.992151],[-88.356111,41.991961],[-88.358527,41.991953],[-88.358435,41.99002],[-88.359272,41.990023],[-88.360335,41.990039],[-88.360298,41.989317],[-88.360237,41.988587],[-88.35954,41.989435],[-88.359469,41.989444],[-88.359406,41.989463],[-88.35933,41.989478],[-88.359306,41.989488],[-88.359209,41.989527],[-88.359104,41.989585],[-88.359043,41.989613],[-88.358969,41.989641],[-88.358911,41.989657],[-88.358835,41.989687],[-88.358145,41.990031],[-88.35757,41.990034],[-88.357416,41.990034],[-88.356977,41.989813],[-88.35613,41.989129],[-88.356015,41.988903],[-88.355922,41.988185],[-88.355729,41.98535],[-88.355794,41.985239],[-88.355873,41.985122],[-88.354331,41.984955],[-88.355976,41.984956],[-88.356674,41.984958],[-88.357831,41.984958],[-88.357844,41.984833],[-88.357963,41.983994],[-88.359898,41.982984],[-88.359835,41.980729],[-88.359375,41.980201]],[[-88.421284,41.93806],[-88.421285,41.938087],[-88.421298,41.938115],[-88.421256,41.938136],[-88.421189,41.938136],[-88.421147,41.938116],[-88.421157,41.938076],[-88.421108,41.938074],[-88.420984,41.938119],[-88.420875,41.938117],[-88.420784,41.938126],[-88.42075,41.938107],[-88.420631,41.938123],[-88.420569,41.93815],[-88.420501,41.938156],[-88.420431,41.938154],[-88.420315,41.938187],[-88.420273,41.938225],[-88.420245,41.938274],[-88.420211,41.938291],[-88.420149,41.938228],[-88.420086,41.938228],[-88.420003,41.938253],[-88.419946,41.938259],[-88.419892,41.938253],[-88.419874,41.938224],[-88.419897,41.938193],[-88.419889,41.938158],[-88.419868,41.938137],[-88.419744,41.938137],[-88.419692,41.938145],[-88.41965,41.938176],[-88.419588,41.938211],[-88.419557,41.938189],[-88.419472,41.938232],[-88.419409,41.938279],[-88.419368,41.93829],[-88.419313,41.938284],[-88.419261,41.938269],[-88.419235,41.938247],[-88.419197,41.938242],[-88.419168,41.938255],[-88.419082,41.938273],[-88.419072,41.938296],[-88.41908,41.938313],[-88.419109,41.938341],[-88.419116,41.938364],[-88.419103,41.938389],[-88.419052,41.938393],[-88.419028,41.938388],[-88.418957,41.938388],[-88.418884,41.938344],[-88.418825,41.93829],[-88.418739,41.938283],[-88.418635,41.938287],[-88.418507,41.9383],[-88.418398,41.938334],[-88.418349,41.938399],[-88.418303,41.938426],[-88.418231,41.938426],[-88.418158,41.938433],[-88.418113,41.93846],[-88.417963,41.938453],[-88.417867,41.938475],[-88.417804,41.938491],[-88.417745,41.938471],[-88.417713,41.938443],[-88.417699,41.938399],[-88.417649,41.938379],[-88.417586,41.938403],[-88.417486,41.938417],[-88.417436,41.938447],[-88.417436,41.938505],[-88.417472,41.938525],[-88.417381,41.938556],[-88.417268,41.938559],[-88.417209,41.938552],[-88.417177,41.938518],[-88.417172,41.938477],[-88.417145,41.938454],[-88.417086,41.938484],[-88.417045,41.938522],[-88.417027,41.938569],[-88.416986,41.93861],[-88.416941,41.93863],[-88.4169,41.938614],[-88.416886,41.938566],[-88.416883,41.938525],[-88.416868,41.938491],[-88.416841,41.938468],[-88.416786,41.938468],[-88.416759,41.938498],[-88.416709,41.938587],[-88.416673,41.9386],[-88.416614,41.93861],[-88.41656,41.938641],[-88.416569,41.938685],[-88.416569,41.938715],[-88.416519,41.938732],[-88.416451,41.938729],[-88.416351,41.938709],[-88.416296,41.938688],[-88.416242,41.938645],[-88.416223,41.938587],[-88.416255,41.938512],[-88.41625,41.938451],[-88.416214,41.938417],[-88.416191,41.938353],[-88.416232,41.938305],[-88.416223,41.938238],[-88.416173,41.938197],[-88.416105,41.938092],[-88.416105,41.938048],[-88.416082,41.93799],[-88.416054,41.937953],[-88.416027,41.937895],[-88.41605,41.937834],[-88.416032,41.93778],[-88.415972,41.937746],[-88.415886,41.937712],[-88.415845,41.937668],[-88.415868,41.937631],[-88.4159,41.937563],[-88.415849,41.937495],[-88.415736,41.937495],[-88.415704,41.937458],[-88.415713,41.937424],[-88.415795,41.937397],[-88.415795,41.93735],[-88.415706,41.937337],[-88.415659,41.937336],[-88.415577,41.937319],[-88.415577,41.937255],[-88.415735,41.937176],[-88.415713,41.937129],[-88.415676,41.937122],[-88.415622,41.937105],[-88.41559,41.937061],[-88.415599,41.936953],[-88.415553,41.936925],[-88.415513,41.936878],[-88.415485,41.936783],[-88.415479,41.936679],[-88.414349,41.936834],[-88.413444,41.936944],[-88.404662,41.938011],[-88.404636,41.937453],[-88.404644,41.936757],[-88.404641,41.936625],[-88.404622,41.935872],[-88.404619,41.935745],[-88.404613,41.935506],[-88.404596,41.934288],[-88.404137,41.934275],[-88.403956,41.934235],[-88.403774,41.934154],[-88.403654,41.934062],[-88.403477,41.933911],[-88.403214,41.933648],[-88.402163,41.934219],[-88.401379,41.934668],[-88.402438,41.935803],[-88.402479,41.9368],[-88.40276,41.938246],[-88.402393,41.938274],[-88.40207,41.938279],[-88.400946,41.9382],[-88.400394,41.938127],[-88.399737,41.938009],[-88.399382,41.937919],[-88.397849,41.93749],[-88.397791,41.937624],[-88.397612,41.93804],[-88.39731,41.93867],[-88.397202,41.939187],[-88.397202,41.939419],[-88.397203,41.939882],[-88.39742,41.941046],[-88.397724,41.941579],[-88.398244,41.942436],[-88.398959,41.943438],[-88.399728,41.944253],[-88.401382,41.945382],[-88.404554,41.943877],[-88.408975,41.941784],[-88.408779,41.941539],[-88.408515,41.941292],[-88.408177,41.941082],[-88.407788,41.940908],[-88.405093,41.94015],[-88.404943,41.940076],[-88.404812,41.93997],[-88.404732,41.939851],[-88.404693,41.939715],[-88.404691,41.939576],[-88.41342,41.941988],[-88.421851,41.944408],[-88.422008,41.944145],[-88.422386,41.943418],[-88.422414,41.941569],[-88.421784,41.938087],[-88.421534,41.938114],[-88.421482,41.938124],[-88.421417,41.938116],[-88.421386,41.938089],[-88.421393,41.938043],[-88.421316,41.938041],[-88.421284,41.93806]],[[-88.051282,41.985064],[-88.051308,41.984533],[-88.056321,41.984377],[-88.056171,41.987315],[-88.05617,41.987343],[-88.056168,41.987378],[-88.056167,41.987406],[-88.056111,41.987431],[-88.056048,41.987466],[-88.054939,41.988149],[-88.05455,41.988287],[-88.05428,41.988426],[-88.054046,41.988568],[-88.053861,41.988706],[-88.053718,41.988746],[-88.05364,41.98875],[-88.053569,41.988772],[-88.053544,41.988765],[-88.053515,41.988762],[-88.052988,41.988805],[-88.052811,41.988823],[-88.052645,41.988846],[-88.051844,41.988923],[-88.051634,41.988938],[-88.051441,41.98896],[-88.051406,41.98896],[-88.051381,41.988956],[-88.051264,41.988962],[-88.051211,41.988982],[-88.051182,41.989007],[-88.051167,41.989022],[-88.051146,41.989055],[-88.051088,41.990209],[-88.051037,41.991078],[-88.051013,41.991701],[-88.05101,41.991794],[-88.050959,41.991919],[-88.051066,41.991917],[-88.055076,41.991718],[-88.055671,41.991686],[-88.055773,41.991681],[-88.056228,41.991657],[-88.056397,41.991648],[-88.056546,41.991641],[-88.059699,41.991476],[-88.060645,41.991427],[-88.060788,41.991422],[-88.060927,41.991417],[-88.061034,41.991414],[-88.06104,41.991377],[-88.061051,41.991297],[-88.061068,41.991187],[-88.061128,41.990432],[-88.061143,41.990165],[-88.06121,41.988919],[-88.061315,41.987061],[-88.061322,41.986907],[-88.061341,41.986051],[-88.061342,41.986019],[-88.061351,41.985619],[-88.061355,41.985439],[-88.06136,41.985238],[-88.061363,41.985161],[-88.061368,41.98501],[-88.061377,41.984781],[-88.061384,41.984594],[-88.061391,41.984396],[-88.061175,41.984333],[-88.061181,41.984196],[-88.061274,41.981507],[-88.06131,41.980469],[-88.061025,41.980301],[-88.061029,41.980261],[-88.056804,41.979414],[-88.051497,41.978346],[-88.051476,41.978349],[-88.05149,41.978178],[-88.051511,41.97703],[-88.052487,41.977328],[-88.053199,41.97751],[-88.055384,41.978068],[-88.059783,41.979191],[-88.060888,41.979451],[-88.061059,41.979491],[-88.061203,41.97953],[-88.061271,41.979548],[-88.061341,41.979566],[-88.061347,41.979447],[-88.061434,41.977001],[-88.061438,41.976887],[-88.061437,41.976866],[-88.061237,41.976873],[-88.060881,41.976885],[-88.059111,41.976944],[-88.058314,41.97697],[-88.058283,41.976492],[-88.057755,41.976388],[-88.057046,41.976257],[-88.057253,41.97564],[-88.057389,41.975665],[-88.057804,41.975742],[-88.057874,41.975755],[-88.057869,41.975693],[-88.057816,41.974893],[-88.05818,41.974877],[-88.058145,41.974323],[-88.054606,41.974444],[-88.054972,41.975051],[-88.05518,41.975108],[-88.055061,41.975298],[-88.054951,41.975261],[-88.054337,41.974926],[-88.054106,41.975299],[-88.053354,41.97524],[-88.053357,41.975217],[-88.053462,41.974483],[-88.051545,41.974548],[-88.051545,41.974518],[-88.051552,41.974232],[-88.051591,41.972718],[-88.05207,41.972598],[-88.052507,41.972479],[-88.05279,41.972387],[-88.053116,41.972275],[-88.054062,41.971888],[-88.05427,41.971784],[-88.054559,41.971612],[-88.05459,41.971586],[-88.054601,41.971577],[-88.054845,41.971375],[-88.054938,41.971284],[-88.054976,41.971242],[-88.055073,41.971134],[-88.055179,41.970996],[-88.057008,41.970953],[-88.05697,41.97032],[-88.058451,41.970276],[-88.058842,41.970265],[-88.059222,41.970254],[-88.05961,41.970243],[-88.060043,41.970231],[-88.060113,41.970229],[-88.060607,41.970213],[-88.060507,41.97054],[-88.060414,41.970816],[-88.060369,41.970922],[-88.060337,41.970998],[-88.060183,41.971364],[-88.060052,41.971609],[-88.059919,41.971842],[-88.05985,41.971963],[-88.059556,41.972395],[-88.059466,41.972518],[-88.059287,41.972819],[-88.059169,41.973067],[-88.059112,41.9732],[-88.05908,41.973292],[-88.05901,41.97353],[-88.058972,41.97369],[-88.058931,41.973992],[-88.058925,41.974179],[-88.058922,41.974266],[-88.058921,41.974296],[-88.062599,41.974171],[-88.06254,41.973621],[-88.062565,41.97362],[-88.062625,41.973618],[-88.062896,41.97361],[-88.062964,41.973608],[-88.063005,41.973987],[-88.063025,41.974156],[-88.063421,41.974143],[-88.063429,41.973595],[-88.06343,41.973506],[-88.063437,41.973068],[-88.063439,41.97258],[-88.063443,41.972218],[-88.063452,41.97207],[-88.063446,41.971902],[-88.063449,41.971586],[-88.063488,41.970216],[-88.063498,41.969733],[-88.063505,41.969459],[-88.063792,41.969451],[-88.064099,41.969441],[-88.065733,41.969387],[-88.067037,41.969345],[-88.068121,41.968803],[-88.068096,41.968171],[-88.068088,41.968023],[-88.068087,41.96797],[-88.068074,41.967661],[-88.068067,41.967482],[-88.069498,41.967407],[-88.069551,41.967597],[-88.069645,41.967929],[-88.069685,41.968073],[-88.069692,41.968097],[-88.070296,41.967757],[-88.0714,41.967129],[-88.071392,41.966708],[-88.071346,41.966192],[-88.071331,41.966023],[-88.07132,41.965986],[-88.071292,41.965911],[-88.071254,41.965838],[-88.071207,41.965768],[-88.071151,41.965702],[-88.071087,41.96564],[-88.071016,41.965583],[-88.070938,41.965531],[-88.070854,41.965484],[-88.070764,41.965444],[-88.070669,41.96541],[-88.070571,41.965383],[-88.07047,41.965362],[-88.070419,41.965355],[-88.070435,41.965269],[-88.070523,41.964719],[-88.069823,41.964643],[-88.069675,41.964624],[-88.06979,41.964076],[-88.069799,41.964033],[-88.069813,41.963965],[-88.069821,41.963925],[-88.069835,41.963866],[-88.069857,41.963773],[-88.070065,41.962795],[-88.068778,41.963003],[-88.067424,41.963224],[-88.066519,41.963372],[-88.064677,41.963671],[-88.064106,41.963763],[-88.064054,41.963771],[-88.063493,41.963858],[-88.063521,41.962143],[-88.063538,41.961359],[-88.063468,41.961342],[-88.063156,41.961266],[-88.063077,41.961248],[-88.062996,41.961228],[-88.062858,41.961195],[-88.062723,41.961163],[-88.06192,41.960972],[-88.061493,41.960894],[-88.061124,41.960845],[-88.058974,41.960638],[-88.058717,41.960628],[-88.058513,41.960631],[-88.058402,41.960637],[-88.058162,41.960658],[-88.057911,41.960696],[-88.056737,41.960966],[-88.056544,41.961023],[-88.055768,41.961302],[-88.055694,41.96132],[-88.054961,41.961406],[-88.054774,41.961363],[-88.053718,41.961058],[-88.053356,41.960972],[-88.052275,41.960956],[-88.052275,41.960889],[-88.052275,41.960874],[-88.05216,41.960886],[-88.051704,41.960861],[-88.051554,41.960853],[-88.051474,41.96086],[-88.051391,41.960838],[-88.051319,41.960813],[-88.051267,41.960801],[-88.051132,41.960725],[-88.051085,41.960743],[-88.050983,41.960783],[-88.050503,41.96085],[-88.04876,41.961321],[-88.047556,41.962105],[-88.04601,41.962614],[-88.044477,41.962843],[-88.043164,41.962901],[-88.041877,41.962958],[-88.041613,41.962978],[-88.041417,41.962978],[-88.041417,41.96303],[-88.041247,41.963093],[-88.041196,41.963112],[-88.041117,41.963136],[-88.04094,41.963176],[-88.040837,41.963188],[-88.040684,41.963212],[-88.040601,41.963238],[-88.04053,41.963277],[-88.040458,41.963339],[-88.04034,41.963463],[-88.040332,41.963477],[-88.04002,41.963516],[-88.039421,41.96354],[-88.039247,41.963547],[-88.039276,41.963566],[-88.03942,41.963627],[-88.039489,41.96367],[-88.039563,41.963727],[-88.039635,41.963795],[-88.039663,41.963809],[-88.039684,41.963814],[-88.039746,41.963829],[-88.03982,41.963834],[-88.039976,41.96391],[-88.04,41.963936],[-88.040005,41.963957],[-88.039998,41.96398],[-88.03996,41.964036],[-88.039892,41.964123],[-88.039884,41.96415],[-88.039882,41.964344],[-88.039887,41.96438],[-88.039905,41.964432],[-88.039938,41.964496],[-88.039962,41.96453],[-88.039978,41.964545],[-88.040111,41.964577],[-88.0402,41.964632],[-88.040224,41.964664],[-88.040241,41.964706],[-88.040271,41.964731],[-88.040319,41.964758],[-88.040371,41.964796],[-88.04045,41.964838],[-88.040572,41.964923],[-88.040746,41.965],[-88.040951,41.965073],[-88.041006,41.965068],[-88.041042,41.965072],[-88.04105,41.965089],[-88.041051,41.965181],[-88.041072,41.965197],[-88.041087,41.965159],[-88.041091,41.965069],[-88.041118,41.965063],[-88.0412,41.965104],[-88.041358,41.965134],[-88.041414,41.965137],[-88.041598,41.965121],[-88.041693,41.965118],[-88.041908,41.965136],[-88.041931,41.965143],[-88.04212,41.965171],[-88.042296,41.965207],[-88.042458,41.96525],[-88.042648,41.965283],[-88.042867,41.965301],[-88.043065,41.965326],[-88.043193,41.965331],[-88.043307,41.965331],[-88.043513,41.965345],[-88.043563,41.965383],[-88.043771,41.965482],[-88.043874,41.965499],[-88.043944,41.965493],[-88.044079,41.965517],[-88.04412,41.96553],[-88.04428,41.965532],[-88.044381,41.965543],[-88.044571,41.965543],[-88.044677,41.965564],[-88.044804,41.965565],[-88.044825,41.965577],[-88.044895,41.965589],[-88.044955,41.965564],[-88.045022,41.965587],[-88.045095,41.965618],[-88.045437,41.965652],[-88.045598,41.965649],[-88.045621,41.965655],[-88.045671,41.965667],[-88.045717,41.965692],[-88.045741,41.965718],[-88.045754,41.965821],[-88.045741,41.96586],[-88.045706,41.965903],[-88.045651,41.965942],[-88.045632,41.965983],[-88.045501,41.966091],[-88.045419,41.966168],[-88.045373,41.966237],[-88.045362,41.966356],[-88.045377,41.966428],[-88.045556,41.966565],[-88.045565,41.966623],[-88.045587,41.966655],[-88.045645,41.966718],[-88.045801,41.966803],[-88.04584,41.966836],[-88.045869,41.966888],[-88.045916,41.966928],[-88.045964,41.966957],[-88.046015,41.96697],[-88.046074,41.966979],[-88.046177,41.966996],[-88.046221,41.96702],[-88.046252,41.967055],[-88.046266,41.967071],[-88.046264,41.967113],[-88.046276,41.967157],[-88.046299,41.967212],[-88.046326,41.967247],[-88.046386,41.967265],[-88.046434,41.967273],[-88.046489,41.967269],[-88.046558,41.967252],[-88.046685,41.967156],[-88.046724,41.967095],[-88.046792,41.967033],[-88.046877,41.966991],[-88.046921,41.967],[-88.046937,41.967014],[-88.046913,41.967109],[-88.046936,41.967192],[-88.046998,41.967265],[-88.047088,41.967339],[-88.047132,41.967382],[-88.047196,41.967406],[-88.047274,41.967473],[-88.047361,41.967513],[-88.047426,41.967569],[-88.047525,41.967684],[-88.047597,41.967707],[-88.047652,41.96771],[-88.047904,41.967791],[-88.04799,41.967802],[-88.048026,41.967796],[-88.048106,41.967775],[-88.048162,41.967773],[-88.048183,41.967789],[-88.048195,41.967807],[-88.048199,41.967835],[-88.048223,41.967863],[-88.048312,41.967893],[-88.048379,41.967904],[-88.048442,41.967935],[-88.048483,41.967988],[-88.048524,41.968123],[-88.048527,41.968181],[-88.048538,41.96825],[-88.048559,41.968333],[-88.048621,41.968431],[-88.048723,41.968565],[-88.048765,41.968642],[-88.048841,41.968722],[-88.048913,41.968781],[-88.048967,41.968843],[-88.048995,41.968899],[-88.049008,41.968944],[-88.049034,41.969004],[-88.04904,41.969071],[-88.049022,41.969152],[-88.048933,41.969372],[-88.048917,41.969449],[-88.048907,41.969549],[-88.048928,41.969634],[-88.048968,41.969739],[-88.049001,41.969786],[-88.049093,41.969856],[-88.049204,41.969927],[-88.049377,41.97008],[-88.049384,41.970179],[-88.049363,41.970269],[-88.049336,41.970342],[-88.049275,41.970372],[-88.049197,41.970379],[-88.049142,41.9704],[-88.049072,41.970445],[-88.049046,41.970495],[-88.049026,41.970565],[-88.049033,41.970622],[-88.048997,41.970739],[-88.049001,41.970831],[-88.049013,41.970919],[-88.049045,41.970991],[-88.049219,41.971241],[-88.049288,41.971303],[-88.049344,41.971344],[-88.049426,41.971366],[-88.049442,41.971405],[-88.049419,41.971507],[-88.049425,41.971568],[-88.049457,41.971621],[-88.049508,41.971636],[-88.049511,41.971655],[-88.049488,41.971684],[-88.04949,41.971724],[-88.049501,41.971772],[-88.049501,41.971851],[-88.049445,41.97192],[-88.049306,41.971942],[-88.049235,41.971975],[-88.049221,41.972001],[-88.049245,41.972017],[-88.049258,41.972033],[-88.049235,41.972054],[-88.049199,41.97205],[-88.049173,41.972064],[-88.049131,41.972096],[-88.049108,41.972125],[-88.049081,41.972197],[-88.048997,41.972297],[-88.048986,41.972362],[-88.049011,41.972446],[-88.049106,41.97256],[-88.049118,41.972619],[-88.049104,41.972685],[-88.04913,41.972764],[-88.049163,41.972803],[-88.049175,41.972853],[-88.04916,41.972883],[-88.049123,41.972904],[-88.049051,41.972981],[-88.049004,41.973065],[-88.048964,41.973156],[-88.04895,41.973255],[-88.048955,41.973462],[-88.048949,41.97349],[-88.048956,41.973585],[-88.048988,41.97369],[-88.049026,41.973758],[-88.049057,41.973862],[-88.04908,41.974043],[-88.049055,41.974145],[-88.049007,41.974246],[-88.04894,41.974336],[-88.04889,41.974459],[-88.048821,41.974695],[-88.048736,41.975038],[-88.048668,41.9752],[-88.048641,41.975299],[-88.048641,41.975317],[-88.048603,41.975425],[-88.048586,41.975576],[-88.048563,41.97565],[-88.048543,41.975696],[-88.048527,41.97572],[-88.048392,41.975861],[-88.048348,41.975918],[-88.048292,41.975968],[-88.048226,41.976038],[-88.048224,41.976059],[-88.048192,41.976123],[-88.048188,41.976145],[-88.048178,41.976195],[-88.048165,41.976255],[-88.048146,41.976303],[-88.048151,41.976346],[-88.048147,41.976406],[-88.048123,41.976568],[-88.048045,41.976841],[-88.048025,41.976965],[-88.047982,41.977101],[-88.047954,41.977213],[-88.047895,41.977316],[-88.047882,41.977386],[-88.047887,41.977441],[-88.047874,41.977495],[-88.047836,41.977594],[-88.04783,41.977612],[-88.047822,41.977633],[-88.047023,41.977472],[-88.046398,41.977346],[-88.045917,41.977255],[-88.045431,41.977163],[-88.044616,41.976999],[-88.04433,41.976964],[-88.044194,41.976952],[-88.044124,41.97694],[-88.044019,41.976922],[-88.043732,41.976859],[-88.042244,41.976565],[-88.041722,41.976457],[-88.041564,41.976425],[-88.041563,41.976454],[-88.041415,41.979147],[-88.041338,41.980548],[-88.041355,41.980656],[-88.041309,41.983069],[-88.041516,41.983082],[-88.042136,41.983074],[-88.042283,41.983072],[-88.042352,41.983071],[-88.042345,41.983768],[-88.042712,41.983697],[-88.043404,41.983687],[-88.043413,41.983674],[-88.043421,41.983664],[-88.04343,41.983655],[-88.043445,41.983641],[-88.043454,41.983634],[-88.043463,41.983628],[-88.043482,41.983617],[-88.043502,41.983608],[-88.043516,41.983602],[-88.043539,41.983595],[-88.043554,41.983592],[-88.043581,41.983588],[-88.043608,41.983586],[-88.043607,41.983685],[-88.043607,41.983769],[-88.043606,41.983895],[-88.043606,41.983917],[-88.043616,41.984089],[-88.043608,41.98482],[-88.043858,41.98481],[-88.044162,41.984799],[-88.049242,41.984613],[-88.049326,41.984608],[-88.049718,41.985401],[-88.050078,41.985634],[-88.050214,41.98573],[-88.050538,41.985925],[-88.05096,41.986169],[-88.050997,41.986245],[-88.05101,41.986329],[-88.051013,41.986401],[-88.051091,41.986406],[-88.051141,41.986409],[-88.05119,41.986414],[-88.051232,41.985785],[-88.05128,41.985106],[-88.051282,41.985064]],[[-87.992384,41.741384],[-87.991923,41.741585],[-87.991914,41.741276],[-87.991652,41.741281],[-87.991648,41.741263],[-87.99104,41.741325],[-87.991061,41.742013],[-87.990818,41.742123],[-87.990726,41.74217],[-87.990762,41.742257],[-87.990862,41.742213],[-87.991016,41.742476],[-87.991093,41.742556],[-87.991165,41.742611],[-87.99121,41.742637],[-87.991269,41.742672],[-87.991384,41.74272],[-87.991451,41.742738],[-87.991508,41.742754],[-87.991638,41.742773],[-87.991771,41.742777],[-87.991902,41.742765],[-87.991987,41.742748],[-87.992164,41.742695],[-87.992291,41.742668],[-87.992467,41.742657],[-87.9927,41.742672],[-87.992763,41.742677],[-87.992758,41.742602],[-87.992756,41.742235],[-87.992756,41.742144],[-87.992761,41.742102],[-87.992751,41.741539],[-87.992747,41.741383],[-87.992745,41.741271],[-87.992396,41.74142],[-87.992384,41.741384]],[[-87.709577,41.455745],[-87.70957,41.45548],[-87.707298,41.455555],[-87.707254,41.454309],[-87.709437,41.454234],[-87.709576,41.454232],[-87.709546,41.452801],[-87.70953,41.45203],[-87.709513,41.449079],[-87.709107,41.449083],[-87.707748,41.449124],[-87.704776,41.449216],[-87.7049,41.450519],[-87.704322,41.450514],[-87.702703,41.4505],[-87.701748,41.450508],[-87.700034,41.450525],[-87.699961,41.45098],[-87.699634,41.45104],[-87.699618,41.451393],[-87.699577,41.452347],[-87.69965,41.452874],[-87.699668,41.453007],[-87.699367,41.453033],[-87.698536,41.453043],[-87.69839,41.451769],[-87.697205,41.451832],[-87.697105,41.453174],[-87.695055,41.453324],[-87.694988,41.456168],[-87.69584,41.456241],[-87.698396,41.45646],[-87.699035,41.456515],[-87.699249,41.456534],[-87.69921,41.456282],[-87.699575,41.456279],[-87.699657,41.456282],[-87.699678,41.456511],[-87.699712,41.456916],[-87.699747,41.457334],[-87.700014,41.457351],[-87.700007,41.456508],[-87.700102,41.456508],[-87.700196,41.456507],[-87.70341,41.456484],[-87.703501,41.456483],[-87.70368,41.456482],[-87.703771,41.456478],[-87.704046,41.456469],[-87.704138,41.456466],[-87.705208,41.456454],[-87.705502,41.45645],[-87.706866,41.456436],[-87.707293,41.456431],[-87.708421,41.456417],[-87.709493,41.456406],[-87.709609,41.456416],[-87.709603,41.456349],[-87.709577,41.455745]],[[-87.837435,41.85227],[-87.836522,41.852],[-87.835926,41.851824],[-87.833785,41.851183],[-87.832873,41.850911],[-87.832875,41.851042],[-87.832896,41.851478],[-87.833025,41.854077],[-87.833056,41.854748],[-87.83307,41.854908],[-87.833099,41.855125],[-87.833109,41.855359],[-87.833104,41.85583],[-87.833139,41.856655],[-87.833161,41.857208],[-87.833165,41.857318],[-87.833175,41.857562],[-87.833205,41.858294],[-87.833215,41.858538],[-87.833215,41.858548],[-87.833216,41.858581],[-87.833217,41.858592],[-87.833242,41.859221],[-87.833245,41.859284],[-87.833273,41.859975],[-87.83329,41.860378],[-87.833306,41.860781],[-87.833313,41.86111],[-87.833314,41.861146],[-87.833304,41.861588],[-87.833314,41.86174],[-87.833338,41.862071],[-87.833357,41.862282],[-87.833373,41.862457],[-87.833386,41.862706],[-87.833418,41.863121],[-87.833421,41.863312],[-87.833406,41.863911],[-87.833403,41.864051],[-87.833405,41.864456],[-87.833657,41.864445],[-87.833795,41.864439],[-87.834413,41.864434],[-87.834666,41.864432],[-87.834905,41.864429],[-87.835311,41.864425],[-87.835622,41.864417],[-87.835862,41.864412],[-87.836099,41.864407],[-87.836813,41.864394],[-87.837052,41.86439],[-87.837303,41.864385],[-87.837412,41.864384],[-87.83777,41.864378],[-87.838043,41.864374],[-87.838062,41.864373],[-87.838316,41.86437],[-87.838561,41.864366],[-87.838818,41.864362],[-87.83926,41.864365],[-87.839297,41.864364],[-87.839543,41.864361],[-87.840761,41.864342],[-87.8412,41.864339],[-87.841996,41.864326],[-87.842237,41.864323],[-87.842961,41.864313],[-87.843203,41.864311],[-87.843198,41.86407],[-87.843195,41.863944],[-87.843194,41.86383],[-87.843175,41.86337],[-87.843173,41.863039],[-87.843177,41.862843],[-87.843185,41.862477],[-87.843187,41.862397],[-87.843176,41.86211],[-87.843161,41.861701],[-87.843138,41.861011],[-87.843126,41.860645],[-87.843123,41.860386],[-87.843119,41.86028],[-87.84308,41.859188],[-87.843067,41.858825],[-87.843053,41.858459],[-87.84304,41.858066],[-87.843019,41.857361],[-87.843013,41.857131],[-87.843014,41.856996],[-87.843015,41.856909],[-87.843008,41.856712],[-87.843004,41.856598],[-87.842985,41.856089],[-87.842976,41.855863],[-87.842966,41.85558],[-87.842954,41.855238],[-87.842921,41.854212],[-87.842916,41.85403],[-87.842918,41.853871],[-87.842541,41.85376],[-87.841413,41.853428],[-87.841037,41.853318],[-87.840316,41.853108],[-87.838155,41.852479],[-87.837435,41.85227]],[[-87.784914,42.055245],[-87.784436,42.055246],[-87.783196,42.055249],[-87.782632,42.055249],[-87.782026,42.055251],[-87.781942,42.055251],[-87.781872,42.055252],[-87.781028,42.055253],[-87.780652,42.055255],[-87.776993,42.055279],[-87.77679,42.055281],[-87.775934,42.055291],[-87.775854,42.055292],[-87.775774,42.055293],[-87.775774,42.055624],[-87.775773,42.055956],[-87.775771,42.05668],[-87.775768,42.059093],[-87.775764,42.060841],[-87.775762,42.062229],[-87.776601,42.062269],[-87.779121,42.062389],[-87.779962,42.062429],[-87.781574,42.062427],[-87.785228,42.062423],[-87.786054,42.062322],[-87.786403,42.062321],[-87.788016,42.06232],[-87.788158,42.062336],[-87.789022,42.062435],[-87.789456,42.062485],[-87.791184,42.062564],[-87.791138,42.061692],[-87.791086,42.060681],[-87.790339,42.060692],[-87.789405,42.060706],[-87.78948,42.058931],[-87.790556,42.058929],[-87.790971,42.058929],[-87.791133,42.058929],[-87.791405,42.058928],[-87.792224,42.058928],[-87.792497,42.058928],[-87.793067,42.058927],[-87.794777,42.058925],[-87.795348,42.058925],[-87.795671,42.058922],[-87.796643,42.058915],[-87.796967,42.058913],[-87.797065,42.058912],[-87.797172,42.058912],[-87.797361,42.058915],[-87.79746,42.058918],[-87.797451,42.058902],[-87.797426,42.058854],[-87.797418,42.058839],[-87.797088,42.058212],[-87.796098,42.056333],[-87.795769,42.055707],[-87.795721,42.055611],[-87.79558,42.055323],[-87.795533,42.055227],[-87.795023,42.055228],[-87.794162,42.05523],[-87.793496,42.055228],[-87.792988,42.055227],[-87.790554,42.055232],[-87.785762,42.055329],[-87.785675,42.055244],[-87.784914,42.055245]],[[-87.723616,42.085422],[-87.723579,42.085323],[-87.723471,42.085028],[-87.723435,42.08493],[-87.723363,42.084739],[-87.723149,42.084166],[-87.723078,42.083976],[-87.723012,42.083803],[-87.722816,42.083284],[-87.722789,42.083211],[-87.722748,42.083113],[-87.722732,42.083076],[-87.722715,42.083036],[-87.722649,42.082878],[-87.722624,42.082802],[-87.722599,42.082723],[-87.721798,42.082665],[-87.720489,42.082571],[-87.719394,42.082595],[-87.718592,42.082613],[-87.718311,42.082604],[-87.717585,42.082576],[-87.717589,42.082972],[-87.717586,42.083139],[-87.717592,42.083296],[-87.717591,42.083356],[-87.717582,42.083991],[-87.71758,42.084203],[-87.717579,42.084255],[-87.717577,42.084412],[-87.717577,42.084465],[-87.717576,42.084546],[-87.717576,42.084557],[-87.717574,42.084696],[-87.717573,42.084764],[-87.71757,42.08479],[-87.717561,42.084871],[-87.717586,42.084899],[-87.71746,42.084892],[-87.717088,42.084878],[-87.716961,42.084864],[-87.716919,42.084863],[-87.716814,42.08488],[-87.716499,42.084933],[-87.716395,42.084952],[-87.716335,42.084941],[-87.716155,42.08491],[-87.716095,42.0849],[-87.716023,42.084913],[-87.715807,42.084956],[-87.715736,42.084971],[-87.71549,42.084939],[-87.714751,42.084843],[-87.714506,42.084812],[-87.714011,42.084824],[-87.712965,42.084851],[-87.712692,42.084838],[-87.712678,42.085576],[-87.712668,42.086163],[-87.711279,42.08613],[-87.704937,42.085977],[-87.702823,42.085926],[-87.702821,42.086003],[-87.702821,42.086079],[-87.702814,42.086234],[-87.702812,42.086311],[-87.702806,42.086462],[-87.702801,42.086612],[-87.702796,42.086918],[-87.702795,42.08707],[-87.702793,42.087191],[-87.702789,42.087535],[-87.702794,42.087556],[-87.702802,42.087589],[-87.702801,42.087677],[-87.702797,42.087895],[-87.702795,42.088018],[-87.702786,42.088549],[-87.702785,42.088611],[-87.702773,42.088654],[-87.702716,42.088751],[-87.702725,42.088934],[-87.702752,42.089483],[-87.702761,42.089666],[-87.702781,42.089683],[-87.703164,42.089925],[-87.703267,42.089925],[-87.703481,42.090084],[-87.703489,42.09015],[-87.703537,42.090185],[-87.703887,42.090446],[-87.703865,42.090583],[-87.704351,42.090847],[-87.704609,42.090973],[-87.704771,42.091028],[-87.70497,42.091132],[-87.705081,42.09122],[-87.705162,42.091253],[-87.705428,42.091434],[-87.705641,42.091555],[-87.705737,42.091648],[-87.705897,42.091743],[-87.705929,42.091763],[-87.706275,42.092049],[-87.706592,42.092422],[-87.706802,42.092603],[-87.706814,42.092614],[-87.706939,42.092773],[-87.706998,42.092938],[-87.707072,42.093042],[-87.707339,42.093205],[-87.707577,42.09335],[-87.707699,42.093424],[-87.707815,42.093495],[-87.708053,42.09364],[-87.708066,42.093648],[-87.708126,42.093684],[-87.708185,42.093728],[-87.708244,42.093866],[-87.708357,42.093923],[-87.708974,42.094239],[-87.709004,42.094277],[-87.709082,42.094321],[-87.709323,42.094458],[-87.709458,42.094534],[-87.709864,42.094765],[-87.709903,42.094788],[-87.709992,42.094854],[-87.710153,42.094973],[-87.71036,42.095128],[-87.710434,42.095161],[-87.710631,42.095335],[-87.71067,42.095369],[-87.710799,42.095445],[-87.711091,42.095191],[-87.711967,42.094429],[-87.71226,42.094176],[-87.712609,42.093861],[-87.712882,42.093616],[-87.712973,42.093541],[-87.713032,42.093498],[-87.713098,42.09347],[-87.713178,42.093458],[-87.713561,42.093455],[-87.713879,42.09346],[-87.71435,42.093468],[-87.714975,42.093476],[-87.716853,42.093502],[-87.717351,42.093509],[-87.717479,42.093524],[-87.71748,42.093426],[-87.717486,42.093133],[-87.717488,42.093036],[-87.717489,42.092889],[-87.717495,42.09245],[-87.717497,42.092304],[-87.717499,42.092183],[-87.717505,42.091824],[-87.717508,42.091704],[-87.717899,42.091702],[-87.719072,42.0917],[-87.719464,42.0917],[-87.719758,42.091726],[-87.720643,42.091807],[-87.72082,42.091824],[-87.7214,42.091837],[-87.721488,42.091839],[-87.720818,42.090997],[-87.721196,42.091106],[-87.721323,42.091144],[-87.721849,42.091138],[-87.722377,42.091157],[-87.722384,42.091778],[-87.722483,42.091781],[-87.723214,42.09179],[-87.726016,42.09181],[-87.725823,42.091325],[-87.725488,42.090414],[-87.725131,42.089477],[-87.72506,42.089291],[-87.724847,42.088734],[-87.724777,42.088549],[-87.724723,42.088405],[-87.724563,42.087973],[-87.72451,42.08783],[-87.724404,42.087546],[-87.724088,42.086696],[-87.723983,42.086413],[-87.723962,42.086356],[-87.723933,42.08628],[-87.723869,42.086108],[-87.723679,42.085593],[-87.723616,42.085422]]],[[[-88.226144,42.057929],[-88.226085,42.05795],[-88.225911,42.058031],[-88.225779,42.058107],[-88.22562,42.058208],[-88.225452,42.058329],[-88.225352,42.058408],[-88.225259,42.058483],[-88.224856,42.058882],[-88.224435,42.059279],[-88.224424,42.059299],[-88.223341,42.060336],[-88.22332,42.060357],[-88.222759,42.060869],[-88.222648,42.060955],[-88.222708,42.061205],[-88.222709,42.061276],[-88.222712,42.061444],[-88.222717,42.061849],[-88.222711,42.062184],[-88.222713,42.062261],[-88.222718,42.062394],[-88.22273,42.062564],[-88.222728,42.062589],[-88.22272,42.062736],[-88.222701,42.063373],[-88.222692,42.063717],[-88.222702,42.063943],[-88.222728,42.064214],[-88.222765,42.064406],[-88.222809,42.064638],[-88.222861,42.064849],[-88.222957,42.065239],[-88.223068,42.065687],[-88.223191,42.066184],[-88.22026,42.066129],[-88.220251,42.065437],[-88.220222,42.062967],[-88.218993,42.062818],[-88.219129,42.062281],[-88.219174,42.062186],[-88.219355,42.061776],[-88.219308,42.061771],[-88.219157,42.061749],[-88.219,42.061725],[-88.21898,42.06172],[-88.218693,42.061661],[-88.21854,42.06162],[-88.218458,42.061594],[-88.218288,42.061542],[-88.218142,42.061493],[-88.217982,42.061439],[-88.217942,42.061425],[-88.21783,42.061387],[-88.21717,42.06115],[-88.216967,42.061085],[-88.216907,42.061066],[-88.216718,42.061006],[-88.216557,42.060966],[-88.216439,42.060936],[-88.216185,42.060881],[-88.216091,42.060865],[-88.215773,42.060811],[-88.215698,42.060801],[-88.215515,42.060778],[-88.215292,42.060755],[-88.215028,42.060736],[-88.214671,42.060722],[-88.214526,42.060722],[-88.214195,42.060723],[-88.21403,42.060723],[-88.213536,42.060725],[-88.213372,42.060726],[-88.213374,42.06069],[-88.213382,42.060585],[-88.213385,42.06055],[-88.213546,42.060465],[-88.214032,42.060211],[-88.214194,42.060127],[-88.215696,42.059275],[-88.215956,42.058755],[-88.216501,42.057667],[-88.222208,42.057626],[-88.222974,42.057621],[-88.223305,42.056241],[-88.22333,42.05614],[-88.223683,42.054411],[-88.22829,42.054281],[-88.227856,42.055007],[-88.226814,42.056297],[-88.225321,42.057199],[-88.225411,42.057267],[-88.225493,42.057335],[-88.225563,42.057394],[-88.225979,42.057782],[-88.22606,42.057858],[-88.226144,42.057929]]],[[[-87.99601,41.724923],[-87.9959,41.725051],[-87.995542,41.72547],[-87.995311,41.72536],[-87.994774,41.725103],[-87.994681,41.725059],[-87.99426,41.724857],[-87.993105,41.724284],[-87.993217,41.724227],[-87.993304,41.724182],[-87.993356,41.724155],[-87.99346,41.724101],[-87.993594,41.724031],[-87.994029,41.723804],[-87.994089,41.723774],[-87.994555,41.723538],[-87.994624,41.723504],[-87.997105,41.722228],[-87.997192,41.722183],[-87.997251,41.722153],[-87.997253,41.722257],[-87.997171,41.722651],[-87.997171,41.722849],[-87.997268,41.722847],[-87.997351,41.726221],[-87.997174,41.726142],[-87.996373,41.72575],[-87.996178,41.725657],[-87.99657,41.725193],[-87.996437,41.72513],[-87.996136,41.725036],[-87.996163,41.724998],[-87.99601,41.724923]]]]}}]}